"Indikator","Ausprägung","Jahr","Raumbezug","Indikatorwert","Basiswert.1","Basiswert.2","Name.Basiswert.1","Name.Basiswert.2"
"Zahnarzt*Zahnärztin-Dichte","insgesamt",2022,"Stadt München",899,1588330,1767,"Hauptwohnsitzbevölkerung (insgesamt)","Zahnärzte*Zahnärztinnen (inklusive Kieferorthopädie)"
"Zahnarzt*Zahnärztin-Dichte","insgesamt",2022,"01 Altstadt - Lehel",74,20808,280,"Hauptwohnsitzbevölkerung (insgesamt)","Zahnärzte*Zahnärztinnen (inklusive Kieferorthopädie)"
"Zahnarzt*Zahnärztin-Dichte","insgesamt",2022,"02 Ludwigsvorstadt - Isarvorstadt",467,50915,109,"Hauptwohnsitzbevölkerung (insgesamt)","Zahnärzte*Zahnärztinnen (inklusive Kieferorthopädie)"
"Zahnarzt*Zahnärztin-Dichte","insgesamt",2022,"03 Maxvorstadt",679,52269,77,"Hauptwohnsitzbevölkerung (insgesamt)","Zahnärzte*Zahnärztinnen (inklusive Kieferorthopädie)"
"Zahnarzt*Zahnärztin-Dichte","insgesamt",2022,"04 Schwabing - West",940,68603,73,"Hauptwohnsitzbevölkerung (insgesamt)","Zahnärzte*Zahnärztinnen (inklusive Kieferorthopädie)"
"Zahnarzt*Zahnärztin-Dichte","insgesamt",2022,"05 Au - Haidhausen",823,63383,77,"Hauptwohnsitzbevölkerung (insgesamt)","Zahnärzte*Zahnärztinnen (inklusive Kieferorthopädie)"
"Zahnarzt*Zahnärztin-Dichte","insgesamt",2022,"06 Sendling",1864,41011,22,"Hauptwohnsitzbevölkerung (insgesamt)","Zahnärzte*Zahnärztinnen (inklusive Kieferorthopädie)"
"Zahnarzt*Zahnärztin-Dichte","insgesamt",2022,"07 Sendling - Westpark",1371,61702,45,"Hauptwohnsitzbevölkerung (insgesamt)","Zahnärzte*Zahnärztinnen (inklusive Kieferorthopädie)"
"Zahnarzt*Zahnärztin-Dichte","insgesamt",2022,"08 Schwanthalerhöhe",1159,28986,25,"Hauptwohnsitzbevölkerung (insgesamt)","Zahnärzte*Zahnärztinnen (inklusive Kieferorthopädie)"
"Zahnarzt*Zahnärztin-Dichte","insgesamt",2022,"09 Neuhausen - Nymphenburg",810,100495,124,"Hauptwohnsitzbevölkerung (insgesamt)","Zahnärzte*Zahnärztinnen (inklusive Kieferorthopädie)"
"Zahnarzt*Zahnärztin-Dichte","insgesamt",2022,"10 Moosach",1640,55761,34,"Hauptwohnsitzbevölkerung (insgesamt)","Zahnärzte*Zahnärztinnen (inklusive Kieferorthopädie)"
"Zahnarzt*Zahnärztin-Dichte","insgesamt",2022,"11 Milbertshofen - Am Hart",1305,76998,59,"Hauptwohnsitzbevölkerung (insgesamt)","Zahnärzte*Zahnärztinnen (inklusive Kieferorthopädie)"
"Zahnarzt*Zahnärztin-Dichte","insgesamt",2022,"12 Schwabing - Freimann",549,79092,144,"Hauptwohnsitzbevölkerung (insgesamt)","Zahnärzte*Zahnärztinnen (inklusive Kieferorthopädie)"
"Zahnarzt*Zahnärztin-Dichte","insgesamt",2022,"13 Bogenhausen",767,94317,123,"Hauptwohnsitzbevölkerung (insgesamt)","Zahnärzte*Zahnärztinnen (inklusive Kieferorthopädie)"
"Zahnarzt*Zahnärztin-Dichte","insgesamt",2022,"14 Berg am Laim",1886,47148,25,"Hauptwohnsitzbevölkerung (insgesamt)","Zahnärzte*Zahnärztinnen (inklusive Kieferorthopädie)"
"Zahnarzt*Zahnärztin-Dichte","insgesamt",2022,"15 Trudering - Riem",1246,76002,61,"Hauptwohnsitzbevölkerung (insgesamt)","Zahnärzte*Zahnärztinnen (inklusive Kieferorthopädie)"
"Zahnarzt*Zahnärztin-Dichte","insgesamt",2022,"16 Ramersdorf - Perlach",1458,119572,82,"Hauptwohnsitzbevölkerung (insgesamt)","Zahnärzte*Zahnärztinnen (inklusive Kieferorthopädie)"
"Zahnarzt*Zahnärztin-Dichte","insgesamt",2022,"17 Obergiesing - Fasangarten",1173,53964,46,"Hauptwohnsitzbevölkerung (insgesamt)","Zahnärzte*Zahnärztinnen (inklusive Kieferorthopädie)"
"Zahnarzt*Zahnärztin-Dichte","insgesamt",2022,"18 Untergiesing - Harlaching",1081,54068,50,"Hauptwohnsitzbevölkerung (insgesamt)","Zahnärzte*Zahnärztinnen (inklusive Kieferorthopädie)"
"Zahnarzt*Zahnärztin-Dichte","insgesamt",2022,"19 Thalkirchen - Obersendling - Forstenried - Fürstenried - Solln",1032,101087,98,"Hauptwohnsitzbevölkerung (insgesamt)","Zahnärzte*Zahnärztinnen (inklusive Kieferorthopädie)"
"Zahnarzt*Zahnärztin-Dichte","insgesamt",2022,"20 Hadern",1767,51239,29,"Hauptwohnsitzbevölkerung (insgesamt)","Zahnärzte*Zahnärztinnen (inklusive Kieferorthopädie)"
"Zahnarzt*Zahnärztin-Dichte","insgesamt",2022,"21 Pasing - Obermenzing",1057,80309,76,"Hauptwohnsitzbevölkerung (insgesamt)","Zahnärzte*Zahnärztinnen (inklusive Kieferorthopädie)"
"Zahnarzt*Zahnärztin-Dichte","insgesamt",2022,"22 Aubing - Lochhausen - Langwied",2101,54619,26,"Hauptwohnsitzbevölkerung (insgesamt)","Zahnärzte*Zahnärztinnen (inklusive Kieferorthopädie)"
"Zahnarzt*Zahnärztin-Dichte","insgesamt",2022,"23 Allach - Untermenzing",2251,36017,16,"Hauptwohnsitzbevölkerung (insgesamt)","Zahnärzte*Zahnärztinnen (inklusive Kieferorthopädie)"
"Zahnarzt*Zahnärztin-Dichte","insgesamt",2022,"24 Feldmoching - Hasenbergl",4207,63110,15,"Hauptwohnsitzbevölkerung (insgesamt)","Zahnärzte*Zahnärztinnen (inklusive Kieferorthopädie)"
"Zahnarzt*Zahnärztin-Dichte","insgesamt",2022,"25 Laim",1115,56855,51,"Hauptwohnsitzbevölkerung (insgesamt)","Zahnärzte*Zahnärztinnen (inklusive Kieferorthopädie)"
"Zahnarzt*Zahnärztin-Dichte","insgesamt",2021,"Stadt München",892,1562128,1752,"Hauptwohnsitzbevölkerung (insgesamt)","Zahnärzte*Zahnärztinnen (inklusive Kieferorthopädie)"
"Zahnarzt*Zahnärztin-Dichte","insgesamt",2021,"01 Altstadt - Lehel",73,20626,282,"Hauptwohnsitzbevölkerung (insgesamt)","Zahnärzte*Zahnärztinnen (inklusive Kieferorthopädie)"
"Zahnarzt*Zahnärztin-Dichte","insgesamt",2021,"02 Ludwigsvorstadt - Isarvorstadt",435,50943,117,"Hauptwohnsitzbevölkerung (insgesamt)","Zahnärzte*Zahnärztinnen (inklusive Kieferorthopädie)"
"Zahnarzt*Zahnärztin-Dichte","insgesamt",2021,"03 Maxvorstadt",640,51228,80,"Hauptwohnsitzbevölkerung (insgesamt)","Zahnärzte*Zahnärztinnen (inklusive Kieferorthopädie)"
"Zahnarzt*Zahnärztin-Dichte","insgesamt",2021,"04 Schwabing - West",989,68255,69,"Hauptwohnsitzbevölkerung (insgesamt)","Zahnärzte*Zahnärztinnen (inklusive Kieferorthopädie)"
"Zahnarzt*Zahnärztin-Dichte","insgesamt",2021,"05 Au - Haidhausen",789,62315,79,"Hauptwohnsitzbevölkerung (insgesamt)","Zahnärzte*Zahnärztinnen (inklusive Kieferorthopädie)"
"Zahnarzt*Zahnärztin-Dichte","insgesamt",2021,"06 Sendling",1770,40704,23,"Hauptwohnsitzbevölkerung (insgesamt)","Zahnärzte*Zahnärztinnen (inklusive Kieferorthopädie)"
"Zahnarzt*Zahnärztin-Dichte","insgesamt",2021,"07 Sendling - Westpark",1376,60540,44,"Hauptwohnsitzbevölkerung (insgesamt)","Zahnärzte*Zahnärztinnen (inklusive Kieferorthopädie)"
"Zahnarzt*Zahnärztin-Dichte","insgesamt",2021,"08 Schwanthalerhöhe",1155,28870,25,"Hauptwohnsitzbevölkerung (insgesamt)","Zahnärzte*Zahnärztinnen (inklusive Kieferorthopädie)"
"Zahnarzt*Zahnärztin-Dichte","insgesamt",2021,"09 Neuhausen - Nymphenburg",802,99415,124,"Hauptwohnsitzbevölkerung (insgesamt)","Zahnärzte*Zahnärztinnen (inklusive Kieferorthopädie)"
"Zahnarzt*Zahnärztin-Dichte","insgesamt",2021,"10 Moosach",1664,54928,33,"Hauptwohnsitzbevölkerung (insgesamt)","Zahnärzte*Zahnärztinnen (inklusive Kieferorthopädie)"
"Zahnarzt*Zahnärztin-Dichte","insgesamt",2021,"11 Milbertshofen - Am Hart",1483,75658,51,"Hauptwohnsitzbevölkerung (insgesamt)","Zahnärzte*Zahnärztinnen (inklusive Kieferorthopädie)"
"Zahnarzt*Zahnärztin-Dichte","insgesamt",2021,"12 Schwabing - Freimann",576,77701,135,"Hauptwohnsitzbevölkerung (insgesamt)","Zahnärzte*Zahnärztinnen (inklusive Kieferorthopädie)"
"Zahnarzt*Zahnärztin-Dichte","insgesamt",2021,"13 Bogenhausen",753,92593,123,"Hauptwohnsitzbevölkerung (insgesamt)","Zahnärzte*Zahnärztinnen (inklusive Kieferorthopädie)"
"Zahnarzt*Zahnärztin-Dichte","insgesamt",2021,"14 Berg am Laim",1799,46769,26,"Hauptwohnsitzbevölkerung (insgesamt)","Zahnärzte*Zahnärztinnen (inklusive Kieferorthopädie)"
"Zahnarzt*Zahnärztin-Dichte","insgesamt",2021,"15 Trudering - Riem",1248,74884,60,"Hauptwohnsitzbevölkerung (insgesamt)","Zahnärzte*Zahnärztinnen (inklusive Kieferorthopädie)"
"Zahnarzt*Zahnärztin-Dichte","insgesamt",2021,"16 Ramersdorf - Perlach",1457,118010,81,"Hauptwohnsitzbevölkerung (insgesamt)","Zahnärzte*Zahnärztinnen (inklusive Kieferorthopädie)"
"Zahnarzt*Zahnärztin-Dichte","insgesamt",2021,"17 Obergiesing - Fasangarten",1216,53483,44,"Hauptwohnsitzbevölkerung (insgesamt)","Zahnärzte*Zahnärztinnen (inklusive Kieferorthopädie)"
"Zahnarzt*Zahnärztin-Dichte","insgesamt",2021,"18 Untergiesing - Harlaching",1152,52999,46,"Hauptwohnsitzbevölkerung (insgesamt)","Zahnärzte*Zahnärztinnen (inklusive Kieferorthopädie)"
"Zahnarzt*Zahnärztin-Dichte","insgesamt",2021,"19 Thalkirchen - Obersendling - Forstenried - Fürstenried - Solln",1034,99260,96,"Hauptwohnsitzbevölkerung (insgesamt)","Zahnärzte*Zahnärztinnen (inklusive Kieferorthopädie)"
"Zahnarzt*Zahnärztin-Dichte","insgesamt",2021,"20 Hadern",1676,50290,30,"Hauptwohnsitzbevölkerung (insgesamt)","Zahnärzte*Zahnärztinnen (inklusive Kieferorthopädie)"
"Zahnarzt*Zahnärztin-Dichte","insgesamt",2021,"21 Pasing - Obermenzing",1029,78232,76,"Hauptwohnsitzbevölkerung (insgesamt)","Zahnärzte*Zahnärztinnen (inklusive Kieferorthopädie)"
"Zahnarzt*Zahnärztin-Dichte","insgesamt",2021,"22 Aubing - Lochhausen - Langwied",2158,51786,24,"Hauptwohnsitzbevölkerung (insgesamt)","Zahnärzte*Zahnärztinnen (inklusive Kieferorthopädie)"
"Zahnarzt*Zahnärztin-Dichte","insgesamt",2021,"23 Allach - Untermenzing",2659,34566,13,"Hauptwohnsitzbevölkerung (insgesamt)","Zahnärzte*Zahnärztinnen (inklusive Kieferorthopädie)"
"Zahnarzt*Zahnärztin-Dichte","insgesamt",2021,"24 Feldmoching - Hasenbergl",3887,62192,16,"Hauptwohnsitzbevölkerung (insgesamt)","Zahnärzte*Zahnärztinnen (inklusive Kieferorthopädie)"
"Zahnarzt*Zahnärztin-Dichte","insgesamt",2021,"25 Laim",1016,55881,55,"Hauptwohnsitzbevölkerung (insgesamt)","Zahnärzte*Zahnärztinnen (inklusive Kieferorthopädie)"
"Zahnarzt*Zahnärztin-Dichte","insgesamt",2020,"Stadt München",884,1562096,1768,"Hauptwohnsitzbevölkerung (insgesamt)","Zahnärzte*Zahnärztinnen (inklusive Kieferorthopädie)"
"Zahnarzt*Zahnärztin-Dichte","insgesamt",2020,"01 Altstadt - Lehel",70,20960,300,"Hauptwohnsitzbevölkerung (insgesamt)","Zahnärzte*Zahnärztinnen (inklusive Kieferorthopädie)"
"Zahnarzt*Zahnärztin-Dichte","insgesamt",2020,"02 Ludwigsvorstadt - Isarvorstadt",433,51547,119,"Hauptwohnsitzbevölkerung (insgesamt)","Zahnärzte*Zahnärztinnen (inklusive Kieferorthopädie)"
"Zahnarzt*Zahnärztin-Dichte","insgesamt",2020,"03 Maxvorstadt",661,51530,78,"Hauptwohnsitzbevölkerung (insgesamt)","Zahnärzte*Zahnärztinnen (inklusive Kieferorthopädie)"
"Zahnarzt*Zahnärztin-Dichte","insgesamt",2020,"04 Schwabing - West",1011,68750,68,"Hauptwohnsitzbevölkerung (insgesamt)","Zahnärzte*Zahnärztinnen (inklusive Kieferorthopädie)"
"Zahnarzt*Zahnärztin-Dichte","insgesamt",2020,"05 Au - Haidhausen",810,62353,77,"Hauptwohnsitzbevölkerung (insgesamt)","Zahnärzte*Zahnärztinnen (inklusive Kieferorthopädie)"
"Zahnarzt*Zahnärztin-Dichte","insgesamt",2020,"06 Sendling",1705,40916,24,"Hauptwohnsitzbevölkerung (insgesamt)","Zahnärzte*Zahnärztinnen (inklusive Kieferorthopädie)"
"Zahnarzt*Zahnärztin-Dichte","insgesamt",2020,"07 Sendling - Westpark",1344,60468,45,"Hauptwohnsitzbevölkerung (insgesamt)","Zahnärzte*Zahnärztinnen (inklusive Kieferorthopädie)"
"Zahnarzt*Zahnärztin-Dichte","insgesamt",2020,"08 Schwanthalerhöhe",1173,29328,25,"Hauptwohnsitzbevölkerung (insgesamt)","Zahnärzte*Zahnärztinnen (inklusive Kieferorthopädie)"
"Zahnarzt*Zahnärztin-Dichte","insgesamt",2020,"09 Neuhausen - Nymphenburg",824,99704,121,"Hauptwohnsitzbevölkerung (insgesamt)","Zahnärzte*Zahnärztinnen (inklusive Kieferorthopädie)"
"Zahnarzt*Zahnärztin-Dichte","insgesamt",2020,"10 Moosach",1616,54934,34,"Hauptwohnsitzbevölkerung (insgesamt)","Zahnärzte*Zahnärztinnen (inklusive Kieferorthopädie)"
"Zahnarzt*Zahnärztin-Dichte","insgesamt",2020,"11 Milbertshofen - Am Hart",1551,75999,49,"Hauptwohnsitzbevölkerung (insgesamt)","Zahnärzte*Zahnärztinnen (inklusive Kieferorthopädie)"
"Zahnarzt*Zahnärztin-Dichte","insgesamt",2020,"12 Schwabing - Freimann",563,78881,140,"Hauptwohnsitzbevölkerung (insgesamt)","Zahnärzte*Zahnärztinnen (inklusive Kieferorthopädie)"
"Zahnarzt*Zahnärztin-Dichte","insgesamt",2020,"13 Bogenhausen",747,91855,123,"Hauptwohnsitzbevölkerung (insgesamt)","Zahnärzte*Zahnärztinnen (inklusive Kieferorthopädie)"
"Zahnarzt*Zahnärztin-Dichte","insgesamt",2020,"14 Berg am Laim",1738,46915,27,"Hauptwohnsitzbevölkerung (insgesamt)","Zahnärzte*Zahnärztinnen (inklusive Kieferorthopädie)"
"Zahnarzt*Zahnärztin-Dichte","insgesamt",2020,"15 Trudering - Riem",1241,74456,60,"Hauptwohnsitzbevölkerung (insgesamt)","Zahnärzte*Zahnärztinnen (inklusive Kieferorthopädie)"
"Zahnarzt*Zahnärztin-Dichte","insgesamt",2020,"16 Ramersdorf - Perlach",1407,118147,84,"Hauptwohnsitzbevölkerung (insgesamt)","Zahnärzte*Zahnärztinnen (inklusive Kieferorthopädie)"
"Zahnarzt*Zahnärztin-Dichte","insgesamt",2020,"17 Obergiesing - Fasangarten",1347,53897,40,"Hauptwohnsitzbevölkerung (insgesamt)","Zahnärzte*Zahnärztinnen (inklusive Kieferorthopädie)"
"Zahnarzt*Zahnärztin-Dichte","insgesamt",2020,"18 Untergiesing - Harlaching",1126,52940,47,"Hauptwohnsitzbevölkerung (insgesamt)","Zahnärzte*Zahnärztinnen (inklusive Kieferorthopädie)"
"Zahnarzt*Zahnärztin-Dichte","insgesamt",2020,"19 Thalkirchen - Obersendling - Forstenried - Fürstenried - Solln",1006,98596,98,"Hauptwohnsitzbevölkerung (insgesamt)","Zahnärzte*Zahnärztinnen (inklusive Kieferorthopädie)"
"Zahnarzt*Zahnärztin-Dichte","insgesamt",2020,"20 Hadern",1778,49770,28,"Hauptwohnsitzbevölkerung (insgesamt)","Zahnärzte*Zahnärztinnen (inklusive Kieferorthopädie)"
"Zahnarzt*Zahnärztin-Dichte","insgesamt",2020,"21 Pasing - Obermenzing",1031,77301,75,"Hauptwohnsitzbevölkerung (insgesamt)","Zahnärzte*Zahnärztinnen (inklusive Kieferorthopädie)"
"Zahnarzt*Zahnärztin-Dichte","insgesamt",2020,"22 Aubing - Lochhausen - Langwied",2089,50140,24,"Hauptwohnsitzbevölkerung (insgesamt)","Zahnärzte*Zahnärztinnen (inklusive Kieferorthopädie)"
"Zahnarzt*Zahnärztin-Dichte","insgesamt",2020,"23 Allach - Untermenzing",2593,33710,13,"Hauptwohnsitzbevölkerung (insgesamt)","Zahnärzte*Zahnärztinnen (inklusive Kieferorthopädie)"
"Zahnarzt*Zahnärztin-Dichte","insgesamt",2020,"24 Feldmoching - Hasenbergl",4151,62270,15,"Hauptwohnsitzbevölkerung (insgesamt)","Zahnärzte*Zahnärztinnen (inklusive Kieferorthopädie)"
"Zahnarzt*Zahnärztin-Dichte","insgesamt",2020,"25 Laim",1051,56729,54,"Hauptwohnsitzbevölkerung (insgesamt)","Zahnärzte*Zahnärztinnen (inklusive Kieferorthopädie)"
"Zahnarzt*Zahnärztin-Dichte","insgesamt",2019,"Stadt München",878,1560042,1776,"Hauptwohnsitzbevölkerung (insgesamt)","Zahnärzte*Zahnärztinnen (inklusive Kieferorthopädie)"
"Zahnarzt*Zahnärztin-Dichte","insgesamt",2019,"01 Altstadt - Lehel",75,21126,281,"Hauptwohnsitzbevölkerung (insgesamt)","Zahnärzte*Zahnärztinnen (inklusive Kieferorthopädie)"
"Zahnarzt*Zahnärztin-Dichte","insgesamt",2019,"02 Ludwigsvorstadt - Isarvorstadt",422,51933,123,"Hauptwohnsitzbevölkerung (insgesamt)","Zahnärzte*Zahnärztinnen (inklusive Kieferorthopädie)"
"Zahnarzt*Zahnärztin-Dichte","insgesamt",2019,"03 Maxvorstadt",656,51834,79,"Hauptwohnsitzbevölkerung (insgesamt)","Zahnärzte*Zahnärztinnen (inklusive Kieferorthopädie)"
"Zahnarzt*Zahnärztin-Dichte","insgesamt",2019,"04 Schwabing - West",985,68935,70,"Hauptwohnsitzbevölkerung (insgesamt)","Zahnärzte*Zahnärztinnen (inklusive Kieferorthopädie)"
"Zahnarzt*Zahnärztin-Dichte","insgesamt",2019,"05 Au - Haidhausen",743,61654,83,"Hauptwohnsitzbevölkerung (insgesamt)","Zahnärzte*Zahnärztinnen (inklusive Kieferorthopädie)"
"Zahnarzt*Zahnärztin-Dichte","insgesamt",2019,"06 Sendling",1650,41256,25,"Hauptwohnsitzbevölkerung (insgesamt)","Zahnärzte*Zahnärztinnen (inklusive Kieferorthopädie)"
"Zahnarzt*Zahnärztin-Dichte","insgesamt",2019,"07 Sendling - Westpark",1440,60498,42,"Hauptwohnsitzbevölkerung (insgesamt)","Zahnärzte*Zahnärztinnen (inklusive Kieferorthopädie)"
"Zahnarzt*Zahnärztin-Dichte","insgesamt",2019,"08 Schwanthalerhöhe",1184,29611,25,"Hauptwohnsitzbevölkerung (insgesamt)","Zahnärzte*Zahnärztinnen (inklusive Kieferorthopädie)"
"Zahnarzt*Zahnärztin-Dichte","insgesamt",2019,"09 Neuhausen - Nymphenburg",808,100213,124,"Hauptwohnsitzbevölkerung (insgesamt)","Zahnärzte*Zahnärztinnen (inklusive Kieferorthopädie)"
"Zahnarzt*Zahnärztin-Dichte","insgesamt",2019,"10 Moosach",1524,54872,36,"Hauptwohnsitzbevölkerung (insgesamt)","Zahnärzte*Zahnärztinnen (inklusive Kieferorthopädie)"
"Zahnarzt*Zahnärztin-Dichte","insgesamt",2019,"11 Milbertshofen - Am Hart",1392,76559,55,"Hauptwohnsitzbevölkerung (insgesamt)","Zahnärzte*Zahnärztinnen (inklusive Kieferorthopädie)"
"Zahnarzt*Zahnärztin-Dichte","insgesamt",2019,"12 Schwabing - Freimann",558,78657,141,"Hauptwohnsitzbevölkerung (insgesamt)","Zahnärzte*Zahnärztinnen (inklusive Kieferorthopädie)"
"Zahnarzt*Zahnärztin-Dichte","insgesamt",2019,"13 Bogenhausen",776,90025,116,"Hauptwohnsitzbevölkerung (insgesamt)","Zahnärzte*Zahnärztinnen (inklusive Kieferorthopädie)"
"Zahnarzt*Zahnärztin-Dichte","insgesamt",2019,"14 Berg am Laim",1741,47000,27,"Hauptwohnsitzbevölkerung (insgesamt)","Zahnärzte*Zahnärztinnen (inklusive Kieferorthopädie)"
"Zahnarzt*Zahnärztin-Dichte","insgesamt",2019,"15 Trudering - Riem",1225,73479,60,"Hauptwohnsitzbevölkerung (insgesamt)","Zahnärzte*Zahnärztinnen (inklusive Kieferorthopädie)"
"Zahnarzt*Zahnärztin-Dichte","insgesamt",2019,"16 Ramersdorf - Perlach",1355,117918,87,"Hauptwohnsitzbevölkerung (insgesamt)","Zahnärzte*Zahnärztinnen (inklusive Kieferorthopädie)"
"Zahnarzt*Zahnärztin-Dichte","insgesamt",2019,"17 Obergiesing - Fasangarten",1267,54498,43,"Hauptwohnsitzbevölkerung (insgesamt)","Zahnärzte*Zahnärztinnen (inklusive Kieferorthopädie)"
"Zahnarzt*Zahnärztin-Dichte","insgesamt",2019,"18 Untergiesing - Harlaching",1109,53243,48,"Hauptwohnsitzbevölkerung (insgesamt)","Zahnärzte*Zahnärztinnen (inklusive Kieferorthopädie)"
"Zahnarzt*Zahnärztin-Dichte","insgesamt",2019,"19 Thalkirchen - Obersendling - Forstenried - Fürstenried - Solln",967,97689,101,"Hauptwohnsitzbevölkerung (insgesamt)","Zahnärzte*Zahnärztinnen (inklusive Kieferorthopädie)"
"Zahnarzt*Zahnärztin-Dichte","insgesamt",2019,"20 Hadern",1730,50165,29,"Hauptwohnsitzbevölkerung (insgesamt)","Zahnärzte*Zahnärztinnen (inklusive Kieferorthopädie)"
"Zahnarzt*Zahnärztin-Dichte","insgesamt",2019,"21 Pasing - Obermenzing",1075,76348,71,"Hauptwohnsitzbevölkerung (insgesamt)","Zahnärzte*Zahnärztinnen (inklusive Kieferorthopädie)"
"Zahnarzt*Zahnärztin-Dichte","insgesamt",2019,"22 Aubing - Lochhausen - Langwied",2045,49072,24,"Hauptwohnsitzbevölkerung (insgesamt)","Zahnärzte*Zahnärztinnen (inklusive Kieferorthopädie)"
"Zahnarzt*Zahnärztin-Dichte","insgesamt",2019,"23 Allach - Untermenzing",2448,34277,14,"Hauptwohnsitzbevölkerung (insgesamt)","Zahnärzte*Zahnärztinnen (inklusive Kieferorthopädie)"
"Zahnarzt*Zahnärztin-Dichte","insgesamt",2019,"24 Feldmoching - Hasenbergl",4434,62069,14,"Hauptwohnsitzbevölkerung (insgesamt)","Zahnärzte*Zahnärztinnen (inklusive Kieferorthopädie)"
"Zahnarzt*Zahnärztin-Dichte","insgesamt",2019,"25 Laim",985,57111,58,"Hauptwohnsitzbevölkerung (insgesamt)","Zahnärzte*Zahnärztinnen (inklusive Kieferorthopädie)"
"Zahnarzt*Zahnärztin-Dichte","insgesamt",2018,"Stadt München",873,1542211,1766,"Hauptwohnsitzbevölkerung (insgesamt)","Zahnärzte*Zahnärztinnen (inklusive Kieferorthopädie)"
"Zahnarzt*Zahnärztin-Dichte","insgesamt",2018,"01 Altstadt - Lehel",75,21100,280,"Hauptwohnsitzbevölkerung (insgesamt)","Zahnärzte*Zahnärztinnen (inklusive Kieferorthopädie)"
"Zahnarzt*Zahnärztin-Dichte","insgesamt",2018,"02 Ludwigsvorstadt - Isarvorstadt",397,51644,130,"Hauptwohnsitzbevölkerung (insgesamt)","Zahnärzte*Zahnärztinnen (inklusive Kieferorthopädie)"
"Zahnarzt*Zahnärztin-Dichte","insgesamt",2018,"03 Maxvorstadt",619,51402,83,"Hauptwohnsitzbevölkerung (insgesamt)","Zahnärzte*Zahnärztinnen (inklusive Kieferorthopädie)"
"Zahnarzt*Zahnärztin-Dichte","insgesamt",2018,"04 Schwabing - West",1023,68527,67,"Hauptwohnsitzbevölkerung (insgesamt)","Zahnärzte*Zahnärztinnen (inklusive Kieferorthopädie)"
"Zahnarzt*Zahnärztin-Dichte","insgesamt",2018,"05 Au - Haidhausen",807,61356,76,"Hauptwohnsitzbevölkerung (insgesamt)","Zahnärzte*Zahnärztinnen (inklusive Kieferorthopädie)"
"Zahnarzt*Zahnärztin-Dichte","insgesamt",2018,"06 Sendling",1576,40983,26,"Hauptwohnsitzbevölkerung (insgesamt)","Zahnärzte*Zahnärztinnen (inklusive Kieferorthopädie)"
"Zahnarzt*Zahnärztin-Dichte","insgesamt",2018,"07 Sendling - Westpark",1420,59643,42,"Hauptwohnsitzbevölkerung (insgesamt)","Zahnärzte*Zahnärztinnen (inklusive Kieferorthopädie)"
"Zahnarzt*Zahnärztin-Dichte","insgesamt",2018,"08 Schwanthalerhöhe",1352,29743,22,"Hauptwohnsitzbevölkerung (insgesamt)","Zahnärzte*Zahnärztinnen (inklusive Kieferorthopädie)"
"Zahnarzt*Zahnärztin-Dichte","insgesamt",2018,"09 Neuhausen - Nymphenburg",852,98814,116,"Hauptwohnsitzbevölkerung (insgesamt)","Zahnärzte*Zahnärztinnen (inklusive Kieferorthopädie)"
"Zahnarzt*Zahnärztin-Dichte","insgesamt",2018,"10 Moosach",1356,54223,40,"Hauptwohnsitzbevölkerung (insgesamt)","Zahnärzte*Zahnärztinnen (inklusive Kieferorthopädie)"
"Zahnarzt*Zahnärztin-Dichte","insgesamt",2018,"11 Milbertshofen - Am Hart",1295,75094,58,"Hauptwohnsitzbevölkerung (insgesamt)","Zahnärzte*Zahnärztinnen (inklusive Kieferorthopädie)"
"Zahnarzt*Zahnärztin-Dichte","insgesamt",2018,"12 Schwabing - Freimann",590,77936,132,"Hauptwohnsitzbevölkerung (insgesamt)","Zahnärzte*Zahnärztinnen (inklusive Kieferorthopädie)"
"Zahnarzt*Zahnärztin-Dichte","insgesamt",2018,"13 Bogenhausen",758,87950,116,"Hauptwohnsitzbevölkerung (insgesamt)","Zahnärzte*Zahnärztinnen (inklusive Kieferorthopädie)"
"Zahnarzt*Zahnärztin-Dichte","insgesamt",2018,"14 Berg am Laim",1487,46098,31,"Hauptwohnsitzbevölkerung (insgesamt)","Zahnärzte*Zahnärztinnen (inklusive Kieferorthopädie)"
"Zahnarzt*Zahnärztin-Dichte","insgesamt",2018,"15 Trudering - Riem",1200,73206,61,"Hauptwohnsitzbevölkerung (insgesamt)","Zahnärzte*Zahnärztinnen (inklusive Kieferorthopädie)"
"Zahnarzt*Zahnärztin-Dichte","insgesamt",2018,"16 Ramersdorf - Perlach",1572,116327,74,"Hauptwohnsitzbevölkerung (insgesamt)","Zahnärzte*Zahnärztinnen (inklusive Kieferorthopädie)"
"Zahnarzt*Zahnärztin-Dichte","insgesamt",2018,"17 Obergiesing - Fasangarten",1391,54256,39,"Hauptwohnsitzbevölkerung (insgesamt)","Zahnärzte*Zahnärztinnen (inklusive Kieferorthopädie)"
"Zahnarzt*Zahnärztin-Dichte","insgesamt",2018,"18 Untergiesing - Harlaching",1132,53184,47,"Hauptwohnsitzbevölkerung (insgesamt)","Zahnärzte*Zahnärztinnen (inklusive Kieferorthopädie)"
"Zahnarzt*Zahnärztin-Dichte","insgesamt",2018,"19 Thalkirchen - Obersendling - Forstenried - Fürstenried - Solln",958,96714,101,"Hauptwohnsitzbevölkerung (insgesamt)","Zahnärzte*Zahnärztinnen (inklusive Kieferorthopädie)"
"Zahnarzt*Zahnärztin-Dichte","insgesamt",2018,"20 Hadern",1663,49898,30,"Hauptwohnsitzbevölkerung (insgesamt)","Zahnärzte*Zahnärztinnen (inklusive Kieferorthopädie)"
"Zahnarzt*Zahnärztin-Dichte","insgesamt",2018,"21 Pasing - Obermenzing",995,74625,75,"Hauptwohnsitzbevölkerung (insgesamt)","Zahnärzte*Zahnärztinnen (inklusive Kieferorthopädie)"
"Zahnarzt*Zahnärztin-Dichte","insgesamt",2018,"22 Aubing - Lochhausen - Langwied",1708,47813,28,"Hauptwohnsitzbevölkerung (insgesamt)","Zahnärzte*Zahnärztinnen (inklusive Kieferorthopädie)"
"Zahnarzt*Zahnärztin-Dichte","insgesamt",2018,"23 Allach - Untermenzing",2085,33355,16,"Hauptwohnsitzbevölkerung (insgesamt)","Zahnärzte*Zahnärztinnen (inklusive Kieferorthopädie)"
"Zahnarzt*Zahnärztin-Dichte","insgesamt",2018,"24 Feldmoching - Hasenbergl",4118,61774,15,"Hauptwohnsitzbevölkerung (insgesamt)","Zahnärzte*Zahnärztinnen (inklusive Kieferorthopädie)"
"Zahnarzt*Zahnärztin-Dichte","insgesamt",2018,"25 Laim",927,56546,61,"Hauptwohnsitzbevölkerung (insgesamt)","Zahnärzte*Zahnärztinnen (inklusive Kieferorthopädie)"
"Zahnarzt*Zahnärztin-Dichte","insgesamt",2017,"Stadt München",890,1526056,1715,"Hauptwohnsitzbevölkerung (insgesamt)","Zahnärzte*Zahnärztinnen (inklusive Kieferorthopädie)"
"Zahnarzt*Zahnärztin-Dichte","insgesamt",2017,"01 Altstadt - Lehel",76,20926,276,"Hauptwohnsitzbevölkerung (insgesamt)","Zahnärzte*Zahnärztinnen (inklusive Kieferorthopädie)"
"Zahnarzt*Zahnärztin-Dichte","insgesamt",2017,"02 Ludwigsvorstadt - Isarvorstadt",397,51632,130,"Hauptwohnsitzbevölkerung (insgesamt)","Zahnärzte*Zahnärztinnen (inklusive Kieferorthopädie)"
"Zahnarzt*Zahnärztin-Dichte","insgesamt",2017,"03 Maxvorstadt",626,51311,82,"Hauptwohnsitzbevölkerung (insgesamt)","Zahnärzte*Zahnärztinnen (inklusive Kieferorthopädie)"
"Zahnarzt*Zahnärztin-Dichte","insgesamt",2017,"04 Schwabing - West",1101,68265,62,"Hauptwohnsitzbevölkerung (insgesamt)","Zahnärzte*Zahnärztinnen (inklusive Kieferorthopädie)"
"Zahnarzt*Zahnärztin-Dichte","insgesamt",2017,"05 Au - Haidhausen",823,60937,74,"Hauptwohnsitzbevölkerung (insgesamt)","Zahnärzte*Zahnärztinnen (inklusive Kieferorthopädie)"
"Zahnarzt*Zahnärztin-Dichte","insgesamt",2017,"06 Sendling",1565,40682,26,"Hauptwohnsitzbevölkerung (insgesamt)","Zahnärzte*Zahnärztinnen (inklusive Kieferorthopädie)"
"Zahnarzt*Zahnärztin-Dichte","insgesamt",2017,"07 Sendling - Westpark",1414,59386,42,"Hauptwohnsitzbevölkerung (insgesamt)","Zahnärzte*Zahnärztinnen (inklusive Kieferorthopädie)"
"Zahnarzt*Zahnärztin-Dichte","insgesamt",2017,"08 Schwanthalerhöhe",1343,29535,22,"Hauptwohnsitzbevölkerung (insgesamt)","Zahnärzte*Zahnärztinnen (inklusive Kieferorthopädie)"
"Zahnarzt*Zahnärztin-Dichte","insgesamt",2017,"09 Neuhausen - Nymphenburg",821,98520,120,"Hauptwohnsitzbevölkerung (insgesamt)","Zahnärzte*Zahnärztinnen (inklusive Kieferorthopädie)"
"Zahnarzt*Zahnärztin-Dichte","insgesamt",2017,"10 Moosach",1450,53662,37,"Hauptwohnsitzbevölkerung (insgesamt)","Zahnärzte*Zahnärztinnen (inklusive Kieferorthopädie)"
"Zahnarzt*Zahnärztin-Dichte","insgesamt",2017,"11 Milbertshofen - Am Hart",1410,74731,53,"Hauptwohnsitzbevölkerung (insgesamt)","Zahnärzte*Zahnärztinnen (inklusive Kieferorthopädie)"
"Zahnarzt*Zahnärztin-Dichte","insgesamt",2017,"12 Schwabing - Freimann",606,76341,126,"Hauptwohnsitzbevölkerung (insgesamt)","Zahnärzte*Zahnärztinnen (inklusive Kieferorthopädie)"
"Zahnarzt*Zahnärztin-Dichte","insgesamt",2017,"13 Bogenhausen",796,85971,108,"Hauptwohnsitzbevölkerung (insgesamt)","Zahnärzte*Zahnärztinnen (inklusive Kieferorthopädie)"
"Zahnarzt*Zahnärztin-Dichte","insgesamt",2017,"14 Berg am Laim",1628,45582,28,"Hauptwohnsitzbevölkerung (insgesamt)","Zahnärzte*Zahnärztinnen (inklusive Kieferorthopädie)"
"Zahnarzt*Zahnärztin-Dichte","insgesamt",2017,"15 Trudering - Riem",1333,72006,54,"Hauptwohnsitzbevölkerung (insgesamt)","Zahnärzte*Zahnärztinnen (inklusive Kieferorthopädie)"
"Zahnarzt*Zahnärztin-Dichte","insgesamt",2017,"16 Ramersdorf - Perlach",1709,114478,67,"Hauptwohnsitzbevölkerung (insgesamt)","Zahnärzte*Zahnärztinnen (inklusive Kieferorthopädie)"
"Zahnarzt*Zahnärztin-Dichte","insgesamt",2017,"17 Obergiesing - Fasangarten",1419,53937,38,"Hauptwohnsitzbevölkerung (insgesamt)","Zahnärzte*Zahnärztinnen (inklusive Kieferorthopädie)"
"Zahnarzt*Zahnärztin-Dichte","insgesamt",2017,"18 Untergiesing - Harlaching",1195,52600,44,"Hauptwohnsitzbevölkerung (insgesamt)","Zahnärzte*Zahnärztinnen (inklusive Kieferorthopädie)"
"Zahnarzt*Zahnärztin-Dichte","insgesamt",2017,"19 Thalkirchen - Obersendling - Forstenried - Fürstenried - Solln",956,95554,100,"Hauptwohnsitzbevölkerung (insgesamt)","Zahnärzte*Zahnärztinnen (inklusive Kieferorthopädie)"
"Zahnarzt*Zahnärztin-Dichte","insgesamt",2017,"20 Hadern",1551,49626,32,"Hauptwohnsitzbevölkerung (insgesamt)","Zahnärzte*Zahnärztinnen (inklusive Kieferorthopädie)"
"Zahnarzt*Zahnärztin-Dichte","insgesamt",2017,"21 Pasing - Obermenzing",988,74098,75,"Hauptwohnsitzbevölkerung (insgesamt)","Zahnärzte*Zahnärztinnen (inklusive Kieferorthopädie)"
"Zahnarzt*Zahnärztin-Dichte","insgesamt",2017,"22 Aubing - Lochhausen - Langwied",1784,46385,26,"Hauptwohnsitzbevölkerung (insgesamt)","Zahnärzte*Zahnärztinnen (inklusive Kieferorthopädie)"
"Zahnarzt*Zahnärztin-Dichte","insgesamt",2017,"23 Allach - Untermenzing",1720,32677,19,"Hauptwohnsitzbevölkerung (insgesamt)","Zahnärzte*Zahnärztinnen (inklusive Kieferorthopädie)"
"Zahnarzt*Zahnärztin-Dichte","insgesamt",2017,"24 Feldmoching - Hasenbergl",4352,60933,14,"Hauptwohnsitzbevölkerung (insgesamt)","Zahnärzte*Zahnärztinnen (inklusive Kieferorthopädie)"
"Zahnarzt*Zahnärztin-Dichte","insgesamt",2017,"25 Laim",938,56281,60,"Hauptwohnsitzbevölkerung (insgesamt)","Zahnärzte*Zahnärztinnen (inklusive Kieferorthopädie)"
"Zahnarzt*Zahnärztin-Dichte","insgesamt",2016,"Stadt München",913,1542860,1690,"Hauptwohnsitzbevölkerung (insgesamt)","Zahnärzte*Zahnärztinnen (inklusive Kieferorthopädie)"
"Zahnarzt*Zahnärztin-Dichte","insgesamt",2016,"01 Altstadt - Lehel",78,21454,275,"Hauptwohnsitzbevölkerung (insgesamt)","Zahnärzte*Zahnärztinnen (inklusive Kieferorthopädie)"
"Zahnarzt*Zahnärztin-Dichte","insgesamt",2016,"02 Ludwigsvorstadt - Isarvorstadt",416,54915,132,"Hauptwohnsitzbevölkerung (insgesamt)","Zahnärzte*Zahnärztinnen (inklusive Kieferorthopädie)"
"Zahnarzt*Zahnärztin-Dichte","insgesamt",2016,"03 Maxvorstadt",660,53443,81,"Hauptwohnsitzbevölkerung (insgesamt)","Zahnärzte*Zahnärztinnen (inklusive Kieferorthopädie)"
"Zahnarzt*Zahnärztin-Dichte","insgesamt",2016,"04 Schwabing - West",1138,69407,61,"Hauptwohnsitzbevölkerung (insgesamt)","Zahnärzte*Zahnärztinnen (inklusive Kieferorthopädie)"
"Zahnarzt*Zahnärztin-Dichte","insgesamt",2016,"05 Au - Haidhausen",827,61999,75,"Hauptwohnsitzbevölkerung (insgesamt)","Zahnärzte*Zahnärztinnen (inklusive Kieferorthopädie)"
"Zahnarzt*Zahnärztin-Dichte","insgesamt",2016,"06 Sendling",1586,41230,26,"Hauptwohnsitzbevölkerung (insgesamt)","Zahnärzte*Zahnärztinnen (inklusive Kieferorthopädie)"
"Zahnarzt*Zahnärztin-Dichte","insgesamt",2016,"07 Sendling - Westpark",1315,59174,45,"Hauptwohnsitzbevölkerung (insgesamt)","Zahnärzte*Zahnärztinnen (inklusive Kieferorthopädie)"
"Zahnarzt*Zahnärztin-Dichte","insgesamt",2016,"08 Schwanthalerhöhe",1442,30282,21,"Hauptwohnsitzbevölkerung (insgesamt)","Zahnärzte*Zahnärztinnen (inklusive Kieferorthopädie)"
"Zahnarzt*Zahnärztin-Dichte","insgesamt",2016,"09 Neuhausen - Nymphenburg",816,99538,122,"Hauptwohnsitzbevölkerung (insgesamt)","Zahnärzte*Zahnärztinnen (inklusive Kieferorthopädie)"
"Zahnarzt*Zahnärztin-Dichte","insgesamt",2016,"10 Moosach",1584,53859,34,"Hauptwohnsitzbevölkerung (insgesamt)","Zahnärzte*Zahnärztinnen (inklusive Kieferorthopädie)"
"Zahnarzt*Zahnärztin-Dichte","insgesamt",2016,"11 Milbertshofen - Am Hart",1386,76255,55,"Hauptwohnsitzbevölkerung (insgesamt)","Zahnärzte*Zahnärztinnen (inklusive Kieferorthopädie)"
"Zahnarzt*Zahnärztin-Dichte","insgesamt",2016,"12 Schwabing - Freimann",677,77188,114,"Hauptwohnsitzbevölkerung (insgesamt)","Zahnärzte*Zahnärztinnen (inklusive Kieferorthopädie)"
"Zahnarzt*Zahnärztin-Dichte","insgesamt",2016,"13 Bogenhausen",838,87164,104,"Hauptwohnsitzbevölkerung (insgesamt)","Zahnärzte*Zahnärztinnen (inklusive Kieferorthopädie)"
"Zahnarzt*Zahnärztin-Dichte","insgesamt",2016,"14 Berg am Laim",1691,45655,27,"Hauptwohnsitzbevölkerung (insgesamt)","Zahnärzte*Zahnärztinnen (inklusive Kieferorthopädie)"
"Zahnarzt*Zahnärztin-Dichte","insgesamt",2016,"15 Trudering - Riem",1323,71448,54,"Hauptwohnsitzbevölkerung (insgesamt)","Zahnärzte*Zahnärztinnen (inklusive Kieferorthopädie)"
"Zahnarzt*Zahnärztin-Dichte","insgesamt",2016,"16 Ramersdorf - Perlach",1651,113898,69,"Hauptwohnsitzbevölkerung (insgesamt)","Zahnärzte*Zahnärztinnen (inklusive Kieferorthopädie)"
"Zahnarzt*Zahnärztin-Dichte","insgesamt",2016,"17 Obergiesing - Fasangarten",1245,54784,44,"Hauptwohnsitzbevölkerung (insgesamt)","Zahnärzte*Zahnärztinnen (inklusive Kieferorthopädie)"
"Zahnarzt*Zahnärztin-Dichte","insgesamt",2016,"18 Untergiesing - Harlaching",1257,54050,43,"Hauptwohnsitzbevölkerung (insgesamt)","Zahnärzte*Zahnärztinnen (inklusive Kieferorthopädie)"
"Zahnarzt*Zahnärztin-Dichte","insgesamt",2016,"19 Thalkirchen - Obersendling - Forstenried - Fürstenried - Solln",1002,96200,96,"Hauptwohnsitzbevölkerung (insgesamt)","Zahnärzte*Zahnärztinnen (inklusive Kieferorthopädie)"
"Zahnarzt*Zahnärztin-Dichte","insgesamt",2016,"20 Hadern",1686,50567,30,"Hauptwohnsitzbevölkerung (insgesamt)","Zahnärzte*Zahnärztinnen (inklusive Kieferorthopädie)"
"Zahnarzt*Zahnärztin-Dichte","insgesamt",2016,"21 Pasing - Obermenzing",1048,74432,71,"Hauptwohnsitzbevölkerung (insgesamt)","Zahnärzte*Zahnärztinnen (inklusive Kieferorthopädie)"
"Zahnarzt*Zahnärztin-Dichte","insgesamt",2016,"22 Aubing - Lochhausen - Langwied",1688,45571,27,"Hauptwohnsitzbevölkerung (insgesamt)","Zahnärzte*Zahnärztinnen (inklusive Kieferorthopädie)"
"Zahnarzt*Zahnärztin-Dichte","insgesamt",2016,"23 Allach - Untermenzing",1697,32248,19,"Hauptwohnsitzbevölkerung (insgesamt)","Zahnärzte*Zahnärztinnen (inklusive Kieferorthopädie)"
"Zahnarzt*Zahnärztin-Dichte","insgesamt",2016,"24 Feldmoching - Hasenbergl",4118,61764,15,"Hauptwohnsitzbevölkerung (insgesamt)","Zahnärzte*Zahnärztinnen (inklusive Kieferorthopädie)"
"Zahnarzt*Zahnärztin-Dichte","insgesamt",2016,"25 Laim",1127,56335,50,"Hauptwohnsitzbevölkerung (insgesamt)","Zahnärzte*Zahnärztinnen (inklusive Kieferorthopädie)"
"Zahnarzt*Zahnärztin-Dichte","insgesamt",2015,"Stadt München",942,1521678,1616,"Hauptwohnsitzbevölkerung (insgesamt)","Zahnärzte*Zahnärztinnen (inklusive Kieferorthopädie)"
"Zahnarzt*Zahnärztin-Dichte","insgesamt",2015,"01 Altstadt - Lehel",81,21122,261,"Hauptwohnsitzbevölkerung (insgesamt)","Zahnärzte*Zahnärztinnen (inklusive Kieferorthopädie)"
"Zahnarzt*Zahnärztin-Dichte","insgesamt",2015,"02 Ludwigsvorstadt - Isarvorstadt",432,54049,125,"Hauptwohnsitzbevölkerung (insgesamt)","Zahnärzte*Zahnärztinnen (inklusive Kieferorthopädie)"
"Zahnarzt*Zahnärztin-Dichte","insgesamt",2015,"03 Maxvorstadt",663,53743,81,"Hauptwohnsitzbevölkerung (insgesamt)","Zahnärzte*Zahnärztinnen (inklusive Kieferorthopädie)"
"Zahnarzt*Zahnärztin-Dichte","insgesamt",2015,"04 Schwabing - West",1142,68527,60,"Hauptwohnsitzbevölkerung (insgesamt)","Zahnärzte*Zahnärztinnen (inklusive Kieferorthopädie)"
"Zahnarzt*Zahnärztin-Dichte","insgesamt",2015,"05 Au - Haidhausen",831,61495,74,"Hauptwohnsitzbevölkerung (insgesamt)","Zahnärzte*Zahnärztinnen (inklusive Kieferorthopädie)"
"Zahnarzt*Zahnärztin-Dichte","insgesamt",2015,"06 Sendling",1635,40879,25,"Hauptwohnsitzbevölkerung (insgesamt)","Zahnärzte*Zahnärztinnen (inklusive Kieferorthopädie)"
"Zahnarzt*Zahnärztin-Dichte","insgesamt",2015,"07 Sendling - Westpark",1390,58398,42,"Hauptwohnsitzbevölkerung (insgesamt)","Zahnärzte*Zahnärztinnen (inklusive Kieferorthopädie)"
"Zahnarzt*Zahnärztin-Dichte","insgesamt",2015,"08 Schwanthalerhöhe",1447,30381,21,"Hauptwohnsitzbevölkerung (insgesamt)","Zahnärzte*Zahnärztinnen (inklusive Kieferorthopädie)"
"Zahnarzt*Zahnärztin-Dichte","insgesamt",2015,"09 Neuhausen - Nymphenburg",866,98702,114,"Hauptwohnsitzbevölkerung (insgesamt)","Zahnärzte*Zahnärztinnen (inklusive Kieferorthopädie)"
"Zahnarzt*Zahnärztin-Dichte","insgesamt",2015,"10 Moosach",1567,53261,34,"Hauptwohnsitzbevölkerung (insgesamt)","Zahnärzte*Zahnärztinnen (inklusive Kieferorthopädie)"
"Zahnarzt*Zahnärztin-Dichte","insgesamt",2015,"11 Milbertshofen - Am Hart",1373,75488,55,"Hauptwohnsitzbevölkerung (insgesamt)","Zahnärzte*Zahnärztinnen (inklusive Kieferorthopädie)"
"Zahnarzt*Zahnärztin-Dichte","insgesamt",2015,"12 Schwabing - Freimann",728,75020,103,"Hauptwohnsitzbevölkerung (insgesamt)","Zahnärzte*Zahnärztinnen (inklusive Kieferorthopädie)"
"Zahnarzt*Zahnärztin-Dichte","insgesamt",2015,"13 Bogenhausen",886,85947,97,"Hauptwohnsitzbevölkerung (insgesamt)","Zahnärzte*Zahnärztinnen (inklusive Kieferorthopädie)"
"Zahnarzt*Zahnärztin-Dichte","insgesamt",2015,"14 Berg am Laim",1801,45035,25,"Hauptwohnsitzbevölkerung (insgesamt)","Zahnärzte*Zahnärztinnen (inklusive Kieferorthopädie)"
"Zahnarzt*Zahnärztin-Dichte","insgesamt",2015,"15 Trudering - Riem",1397,69830,50,"Hauptwohnsitzbevölkerung (insgesamt)","Zahnärzte*Zahnärztinnen (inklusive Kieferorthopädie)"
"Zahnarzt*Zahnärztin-Dichte","insgesamt",2015,"16 Ramersdorf - Perlach",1653,112371,68,"Hauptwohnsitzbevölkerung (insgesamt)","Zahnärzte*Zahnärztinnen (inklusive Kieferorthopädie)"
"Zahnarzt*Zahnärztin-Dichte","insgesamt",2015,"17 Obergiesing - Fasangarten",1265,54402,43,"Hauptwohnsitzbevölkerung (insgesamt)","Zahnärzte*Zahnärztinnen (inklusive Kieferorthopädie)"
"Zahnarzt*Zahnärztin-Dichte","insgesamt",2015,"18 Untergiesing - Harlaching",1213,53377,44,"Hauptwohnsitzbevölkerung (insgesamt)","Zahnärzte*Zahnärztinnen (inklusive Kieferorthopädie)"
"Zahnarzt*Zahnärztin-Dichte","insgesamt",2015,"19 Thalkirchen - Obersendling - Forstenried - Fürstenried - Solln",1006,93602,93,"Hauptwohnsitzbevölkerung (insgesamt)","Zahnärzte*Zahnärztinnen (inklusive Kieferorthopädie)"
"Zahnarzt*Zahnärztin-Dichte","insgesamt",2015,"20 Hadern",1733,50257,29,"Hauptwohnsitzbevölkerung (insgesamt)","Zahnärzte*Zahnärztinnen (inklusive Kieferorthopädie)"
"Zahnarzt*Zahnärztin-Dichte","insgesamt",2015,"21 Pasing - Obermenzing",1094,73320,67,"Hauptwohnsitzbevölkerung (insgesamt)","Zahnärzte*Zahnärztinnen (inklusive Kieferorthopädie)"
"Zahnarzt*Zahnärztin-Dichte","insgesamt",2015,"22 Aubing - Lochhausen - Langwied",1747,43682,25,"Hauptwohnsitzbevölkerung (insgesamt)","Zahnärzte*Zahnärztinnen (inklusive Kieferorthopädie)"
"Zahnarzt*Zahnärztin-Dichte","insgesamt",2015,"23 Allach - Untermenzing",1771,31882,18,"Hauptwohnsitzbevölkerung (insgesamt)","Zahnärzte*Zahnärztinnen (inklusive Kieferorthopädie)"
"Zahnarzt*Zahnärztin-Dichte","insgesamt",2015,"24 Feldmoching - Hasenbergl",4102,61534,15,"Hauptwohnsitzbevölkerung (insgesamt)","Zahnärzte*Zahnärztinnen (inklusive Kieferorthopädie)"
"Zahnarzt*Zahnärztin-Dichte","insgesamt",2015,"25 Laim",1178,55374,47,"Hauptwohnsitzbevölkerung (insgesamt)","Zahnärzte*Zahnärztinnen (inklusive Kieferorthopädie)"
"Zahnarzt*Zahnärztin-Dichte","insgesamt",2014,"Stadt München",946,1490681,1575,"Hauptwohnsitzbevölkerung (insgesamt)","Zahnärzte*Zahnärztinnen (inklusive Kieferorthopädie)"
"Zahnarzt*Zahnärztin-Dichte","insgesamt",2014,"01 Altstadt - Lehel",85,20806,245,"Hauptwohnsitzbevölkerung (insgesamt)","Zahnärzte*Zahnärztinnen (inklusive Kieferorthopädie)"
"Zahnarzt*Zahnärztin-Dichte","insgesamt",2014,"02 Ludwigsvorstadt - Isarvorstadt",414,52177,126,"Hauptwohnsitzbevölkerung (insgesamt)","Zahnärzte*Zahnärztinnen (inklusive Kieferorthopädie)"
"Zahnarzt*Zahnärztin-Dichte","insgesamt",2014,"03 Maxvorstadt",666,52575,79,"Hauptwohnsitzbevölkerung (insgesamt)","Zahnärzte*Zahnärztinnen (inklusive Kieferorthopädie)"
"Zahnarzt*Zahnärztin-Dichte","insgesamt",2014,"04 Schwabing - West",1157,67094,58,"Hauptwohnsitzbevölkerung (insgesamt)","Zahnärzte*Zahnärztinnen (inklusive Kieferorthopädie)"
"Zahnarzt*Zahnärztin-Dichte","insgesamt",2014,"05 Au - Haidhausen",1048,60756,58,"Hauptwohnsitzbevölkerung (insgesamt)","Zahnärzte*Zahnärztinnen (inklusive Kieferorthopädie)"
"Zahnarzt*Zahnärztin-Dichte","insgesamt",2014,"06 Sendling",1497,40422,27,"Hauptwohnsitzbevölkerung (insgesamt)","Zahnärzte*Zahnärztinnen (inklusive Kieferorthopädie)"
"Zahnarzt*Zahnärztin-Dichte","insgesamt",2014,"07 Sendling - Westpark",1345,56485,42,"Hauptwohnsitzbevölkerung (insgesamt)","Zahnärzte*Zahnärztinnen (inklusive Kieferorthopädie)"
"Zahnarzt*Zahnärztin-Dichte","insgesamt",2014,"08 Schwanthalerhöhe",1308,30083,23,"Hauptwohnsitzbevölkerung (insgesamt)","Zahnärzte*Zahnärztinnen (inklusive Kieferorthopädie)"
"Zahnarzt*Zahnärztin-Dichte","insgesamt",2014,"09 Neuhausen - Nymphenburg",863,97521,113,"Hauptwohnsitzbevölkerung (insgesamt)","Zahnärzte*Zahnärztinnen (inklusive Kieferorthopädie)"
"Zahnarzt*Zahnärztin-Dichte","insgesamt",2014,"10 Moosach",1423,52657,37,"Hauptwohnsitzbevölkerung (insgesamt)","Zahnärzte*Zahnärztinnen (inklusive Kieferorthopädie)"
"Zahnarzt*Zahnärztin-Dichte","insgesamt",2014,"11 Milbertshofen - Am Hart",1464,74667,51,"Hauptwohnsitzbevölkerung (insgesamt)","Zahnärzte*Zahnärztinnen (inklusive Kieferorthopädie)"
"Zahnarzt*Zahnärztin-Dichte","insgesamt",2014,"12 Schwabing - Freimann",659,71802,109,"Hauptwohnsitzbevölkerung (insgesamt)","Zahnärzte*Zahnärztinnen (inklusive Kieferorthopädie)"
"Zahnarzt*Zahnärztin-Dichte","insgesamt",2014,"13 Bogenhausen",874,83900,96,"Hauptwohnsitzbevölkerung (insgesamt)","Zahnärzte*Zahnärztinnen (inklusive Kieferorthopädie)"
"Zahnarzt*Zahnärztin-Dichte","insgesamt",2014,"14 Berg am Laim",1693,44022,26,"Hauptwohnsitzbevölkerung (insgesamt)","Zahnärzte*Zahnärztinnen (inklusive Kieferorthopädie)"
"Zahnarzt*Zahnärztin-Dichte","insgesamt",2014,"15 Trudering - Riem",1389,68063,49,"Hauptwohnsitzbevölkerung (insgesamt)","Zahnärzte*Zahnärztinnen (inklusive Kieferorthopädie)"
"Zahnarzt*Zahnärztin-Dichte","insgesamt",2014,"16 Ramersdorf - Perlach",1898,110099,58,"Hauptwohnsitzbevölkerung (insgesamt)","Zahnärzte*Zahnärztinnen (inklusive Kieferorthopädie)"
"Zahnarzt*Zahnärztin-Dichte","insgesamt",2014,"17 Obergiesing - Fasangarten",1352,52743,39,"Hauptwohnsitzbevölkerung (insgesamt)","Zahnärzte*Zahnärztinnen (inklusive Kieferorthopädie)"
"Zahnarzt*Zahnärztin-Dichte","insgesamt",2014,"18 Untergiesing - Harlaching",1166,52452,45,"Hauptwohnsitzbevölkerung (insgesamt)","Zahnärzte*Zahnärztinnen (inklusive Kieferorthopädie)"
"Zahnarzt*Zahnärztin-Dichte","insgesamt",2014,"19 Thalkirchen - Obersendling - Forstenried - Fürstenried - Solln",1016,91412,90,"Hauptwohnsitzbevölkerung (insgesamt)","Zahnärzte*Zahnärztinnen (inklusive Kieferorthopädie)"
"Zahnarzt*Zahnärztin-Dichte","insgesamt",2014,"20 Hadern",1662,49874,30,"Hauptwohnsitzbevölkerung (insgesamt)","Zahnärzte*Zahnärztinnen (inklusive Kieferorthopädie)"
"Zahnarzt*Zahnärztin-Dichte","insgesamt",2014,"21 Pasing - Obermenzing",1027,71880,70,"Hauptwohnsitzbevölkerung (insgesamt)","Zahnärzte*Zahnärztinnen (inklusive Kieferorthopädie)"
"Zahnarzt*Zahnärztin-Dichte","insgesamt",2014,"22 Aubing - Lochhausen - Langwied",1714,42859,25,"Hauptwohnsitzbevölkerung (insgesamt)","Zahnärzte*Zahnärztinnen (inklusive Kieferorthopädie)"
"Zahnarzt*Zahnärztin-Dichte","insgesamt",2014,"23 Allach - Untermenzing",1844,31353,17,"Hauptwohnsitzbevölkerung (insgesamt)","Zahnärzte*Zahnärztinnen (inklusive Kieferorthopädie)"
"Zahnarzt*Zahnärztin-Dichte","insgesamt",2014,"24 Feldmoching - Hasenbergl",4017,60262,15,"Hauptwohnsitzbevölkerung (insgesamt)","Zahnärzte*Zahnärztinnen (inklusive Kieferorthopädie)"
"Zahnarzt*Zahnärztin-Dichte","insgesamt",2014,"25 Laim",1164,54714,47,"Hauptwohnsitzbevölkerung (insgesamt)","Zahnärzte*Zahnärztinnen (inklusive Kieferorthopädie)"
"Zahnarzt*Zahnärztin-Dichte","insgesamt",2013,"Stadt München",954,1464962,1536,"Hauptwohnsitzbevölkerung (insgesamt)","Zahnärzte*Zahnärztinnen (inklusive Kieferorthopädie)"
"Zahnarzt*Zahnärztin-Dichte","insgesamt",2013,"01 Altstadt - Lehel",86,20422,237,"Hauptwohnsitzbevölkerung (insgesamt)","Zahnärzte*Zahnärztinnen (inklusive Kieferorthopädie)"
"Zahnarzt*Zahnärztin-Dichte","insgesamt",2013,"02 Ludwigsvorstadt - Isarvorstadt",433,50620,117,"Hauptwohnsitzbevölkerung (insgesamt)","Zahnärzte*Zahnärztinnen (inklusive Kieferorthopädie)"
"Zahnarzt*Zahnärztin-Dichte","insgesamt",2013,"03 Maxvorstadt",646,51642,80,"Hauptwohnsitzbevölkerung (insgesamt)","Zahnärzte*Zahnärztinnen (inklusive Kieferorthopädie)"
"Zahnarzt*Zahnärztin-Dichte","insgesamt",2013,"04 Schwabing - West",1136,65892,58,"Hauptwohnsitzbevölkerung (insgesamt)","Zahnärzte*Zahnärztinnen (inklusive Kieferorthopädie)"
"Zahnarzt*Zahnärztin-Dichte","insgesamt",2013,"05 Au - Haidhausen",1067,59752,56,"Hauptwohnsitzbevölkerung (insgesamt)","Zahnärzte*Zahnärztinnen (inklusive Kieferorthopädie)"
"Zahnarzt*Zahnärztin-Dichte","insgesamt",2013,"06 Sendling",1378,39953,29,"Hauptwohnsitzbevölkerung (insgesamt)","Zahnärzte*Zahnärztinnen (inklusive Kieferorthopädie)"
"Zahnarzt*Zahnärztin-Dichte","insgesamt",2013,"07 Sendling - Westpark",1385,55405,40,"Hauptwohnsitzbevölkerung (insgesamt)","Zahnärzte*Zahnärztinnen (inklusive Kieferorthopädie)"
"Zahnarzt*Zahnärztin-Dichte","insgesamt",2013,"08 Schwanthalerhöhe",1290,29663,23,"Hauptwohnsitzbevölkerung (insgesamt)","Zahnärzte*Zahnärztinnen (inklusive Kieferorthopädie)"
"Zahnarzt*Zahnärztin-Dichte","insgesamt",2013,"09 Neuhausen - Nymphenburg",880,95906,109,"Hauptwohnsitzbevölkerung (insgesamt)","Zahnärzte*Zahnärztinnen (inklusive Kieferorthopädie)"
"Zahnarzt*Zahnärztin-Dichte","insgesamt",2013,"10 Moosach",1562,51537,33,"Hauptwohnsitzbevölkerung (insgesamt)","Zahnärzte*Zahnärztinnen (inklusive Kieferorthopädie)"
"Zahnarzt*Zahnärztin-Dichte","insgesamt",2013,"11 Milbertshofen - Am Hart",1416,73617,52,"Hauptwohnsitzbevölkerung (insgesamt)","Zahnärzte*Zahnärztinnen (inklusive Kieferorthopädie)"
"Zahnarzt*Zahnärztin-Dichte","insgesamt",2013,"12 Schwabing - Freimann",622,69676,112,"Hauptwohnsitzbevölkerung (insgesamt)","Zahnärzte*Zahnärztinnen (inklusive Kieferorthopädie)"
"Zahnarzt*Zahnärztin-Dichte","insgesamt",2013,"13 Bogenhausen",865,82138,95,"Hauptwohnsitzbevölkerung (insgesamt)","Zahnärzte*Zahnärztinnen (inklusive Kieferorthopädie)"
"Zahnarzt*Zahnärztin-Dichte","insgesamt",2013,"14 Berg am Laim",1795,43068,24,"Hauptwohnsitzbevölkerung (insgesamt)","Zahnärzte*Zahnärztinnen (inklusive Kieferorthopädie)"
"Zahnarzt*Zahnärztin-Dichte","insgesamt",2013,"15 Trudering - Riem",1396,67009,48,"Hauptwohnsitzbevölkerung (insgesamt)","Zahnärzte*Zahnärztinnen (inklusive Kieferorthopädie)"
"Zahnarzt*Zahnärztin-Dichte","insgesamt",2013,"16 Ramersdorf - Perlach",2005,108244,54,"Hauptwohnsitzbevölkerung (insgesamt)","Zahnärzte*Zahnärztinnen (inklusive Kieferorthopädie)"
"Zahnarzt*Zahnärztin-Dichte","insgesamt",2013,"17 Obergiesing - Fasangarten",1431,51499,36,"Hauptwohnsitzbevölkerung (insgesamt)","Zahnärzte*Zahnärztinnen (inklusive Kieferorthopädie)"
"Zahnarzt*Zahnärztin-Dichte","insgesamt",2013,"18 Untergiesing - Harlaching",1208,51937,43,"Hauptwohnsitzbevölkerung (insgesamt)","Zahnärzte*Zahnärztinnen (inklusive Kieferorthopädie)"
"Zahnarzt*Zahnärztin-Dichte","insgesamt",2013,"19 Thalkirchen - Obersendling - Forstenried - Fürstenried - Solln",1020,90790,89,"Hauptwohnsitzbevölkerung (insgesamt)","Zahnärzte*Zahnärztinnen (inklusive Kieferorthopädie)"
"Zahnarzt*Zahnärztin-Dichte","insgesamt",2013,"20 Hadern",1688,48945,29,"Hauptwohnsitzbevölkerung (insgesamt)","Zahnärzte*Zahnärztinnen (inklusive Kieferorthopädie)"
"Zahnarzt*Zahnärztin-Dichte","insgesamt",2013,"21 Pasing - Obermenzing",1041,70783,68,"Hauptwohnsitzbevölkerung (insgesamt)","Zahnärzte*Zahnärztinnen (inklusive Kieferorthopädie)"
"Zahnarzt*Zahnärztin-Dichte","insgesamt",2013,"22 Aubing - Lochhausen - Langwied",1839,42305,23,"Hauptwohnsitzbevölkerung (insgesamt)","Zahnärzte*Zahnärztinnen (inklusive Kieferorthopädie)"
"Zahnarzt*Zahnärztin-Dichte","insgesamt",2013,"23 Allach - Untermenzing",1808,30737,17,"Hauptwohnsitzbevölkerung (insgesamt)","Zahnärzte*Zahnärztinnen (inklusive Kieferorthopädie)"
"Zahnarzt*Zahnärztin-Dichte","insgesamt",2013,"24 Feldmoching - Hasenbergl",3959,59391,15,"Hauptwohnsitzbevölkerung (insgesamt)","Zahnärzte*Zahnärztinnen (inklusive Kieferorthopädie)"
"Zahnarzt*Zahnärztin-Dichte","insgesamt",2013,"25 Laim",1103,54030,49,"Hauptwohnsitzbevölkerung (insgesamt)","Zahnärzte*Zahnärztinnen (inklusive Kieferorthopädie)"
"Zahnarzt*Zahnärztin-Dichte","insgesamt",2012,"Stadt München",962,1439474,1497,"Hauptwohnsitzbevölkerung (insgesamt)","Zahnärzte*Zahnärztinnen (inklusive Kieferorthopädie)"
"Zahnarzt*Zahnärztin-Dichte","insgesamt",2012,"01 Altstadt - Lehel",87,20048,231,"Hauptwohnsitzbevölkerung (insgesamt)","Zahnärzte*Zahnärztinnen (inklusive Kieferorthopädie)"
"Zahnarzt*Zahnärztin-Dichte","insgesamt",2012,"02 Ludwigsvorstadt - Isarvorstadt",464,49657,107,"Hauptwohnsitzbevölkerung (insgesamt)","Zahnärzte*Zahnärztinnen (inklusive Kieferorthopädie)"
"Zahnarzt*Zahnärztin-Dichte","insgesamt",2012,"03 Maxvorstadt",636,50877,80,"Hauptwohnsitzbevölkerung (insgesamt)","Zahnärzte*Zahnärztinnen (inklusive Kieferorthopädie)"
"Zahnarzt*Zahnärztin-Dichte","insgesamt",2012,"04 Schwabing - West",1098,64770,59,"Hauptwohnsitzbevölkerung (insgesamt)","Zahnärzte*Zahnärztinnen (inklusive Kieferorthopädie)"
"Zahnarzt*Zahnärztin-Dichte","insgesamt",2012,"05 Au - Haidhausen",1111,58881,53,"Hauptwohnsitzbevölkerung (insgesamt)","Zahnärzte*Zahnärztinnen (inklusive Kieferorthopädie)"
"Zahnarzt*Zahnärztin-Dichte","insgesamt",2012,"06 Sendling",989,39567,40,"Hauptwohnsitzbevölkerung (insgesamt)","Zahnärzte*Zahnärztinnen (inklusive Kieferorthopädie)"
"Zahnarzt*Zahnärztin-Dichte","insgesamt",2012,"07 Sendling - Westpark",1399,54552,39,"Hauptwohnsitzbevölkerung (insgesamt)","Zahnärzte*Zahnärztinnen (inklusive Kieferorthopädie)"
"Zahnarzt*Zahnärztin-Dichte","insgesamt",2012,"08 Schwanthalerhöhe",1470,29402,20,"Hauptwohnsitzbevölkerung (insgesamt)","Zahnärzte*Zahnärztinnen (inklusive Kieferorthopädie)"
"Zahnarzt*Zahnärztin-Dichte","insgesamt",2012,"09 Neuhausen - Nymphenburg",881,94257,107,"Hauptwohnsitzbevölkerung (insgesamt)","Zahnärzte*Zahnärztinnen (inklusive Kieferorthopädie)"
"Zahnarzt*Zahnärztin-Dichte","insgesamt",2012,"10 Moosach",1478,50253,34,"Hauptwohnsitzbevölkerung (insgesamt)","Zahnärzte*Zahnärztinnen (inklusive Kieferorthopädie)"
"Zahnarzt*Zahnärztin-Dichte","insgesamt",2012,"11 Milbertshofen - Am Hart",1543,72506,47,"Hauptwohnsitzbevölkerung (insgesamt)","Zahnärzte*Zahnärztinnen (inklusive Kieferorthopädie)"
"Zahnarzt*Zahnärztin-Dichte","insgesamt",2012,"12 Schwabing - Freimann",629,68530,109,"Hauptwohnsitzbevölkerung (insgesamt)","Zahnärzte*Zahnärztinnen (inklusive Kieferorthopädie)"
"Zahnarzt*Zahnärztin-Dichte","insgesamt",2012,"13 Bogenhausen",851,80816,95,"Hauptwohnsitzbevölkerung (insgesamt)","Zahnärzte*Zahnärztinnen (inklusive Kieferorthopädie)"
"Zahnarzt*Zahnärztin-Dichte","insgesamt",2012,"14 Berg am Laim",1763,42313,24,"Hauptwohnsitzbevölkerung (insgesamt)","Zahnärzte*Zahnärztinnen (inklusive Kieferorthopädie)"
"Zahnarzt*Zahnärztin-Dichte","insgesamt",2012,"15 Trudering - Riem",1647,65869,40,"Hauptwohnsitzbevölkerung (insgesamt)","Zahnärzte*Zahnärztinnen (inklusive Kieferorthopädie)"
"Zahnarzt*Zahnärztin-Dichte","insgesamt",2012,"16 Ramersdorf - Perlach",2061,107164,52,"Hauptwohnsitzbevölkerung (insgesamt)","Zahnärzte*Zahnärztinnen (inklusive Kieferorthopädie)"
"Zahnarzt*Zahnärztin-Dichte","insgesamt",2012,"17 Obergiesing - Fasangarten",1347,51183,38,"Hauptwohnsitzbevölkerung (insgesamt)","Zahnärzte*Zahnärztinnen (inklusive Kieferorthopädie)"
"Zahnarzt*Zahnärztin-Dichte","insgesamt",2012,"18 Untergiesing - Harlaching",1137,51180,45,"Hauptwohnsitzbevölkerung (insgesamt)","Zahnärzte*Zahnärztinnen (inklusive Kieferorthopädie)"
"Zahnarzt*Zahnärztin-Dichte","insgesamt",2012,"19 Thalkirchen - Obersendling - Forstenried - Fürstenried - Solln",1091,87271,80,"Hauptwohnsitzbevölkerung (insgesamt)","Zahnärzte*Zahnärztinnen (inklusive Kieferorthopädie)"
"Zahnarzt*Zahnärztin-Dichte","insgesamt",2012,"20 Hadern",1712,47949,28,"Hauptwohnsitzbevölkerung (insgesamt)","Zahnärzte*Zahnärztinnen (inklusive Kieferorthopädie)"
"Zahnarzt*Zahnärztin-Dichte","insgesamt",2012,"21 Pasing - Obermenzing",1004,69295,69,"Hauptwohnsitzbevölkerung (insgesamt)","Zahnärzte*Zahnärztinnen (inklusive Kieferorthopädie)"
"Zahnarzt*Zahnärztin-Dichte","insgesamt",2012,"22 Aubing - Lochhausen - Langwied",1958,41116,21,"Hauptwohnsitzbevölkerung (insgesamt)","Zahnärzte*Zahnärztinnen (inklusive Kieferorthopädie)"
"Zahnarzt*Zahnärztin-Dichte","insgesamt",2012,"23 Allach - Untermenzing",1788,30393,17,"Hauptwohnsitzbevölkerung (insgesamt)","Zahnärzte*Zahnärztinnen (inklusive Kieferorthopädie)"
"Zahnarzt*Zahnärztin-Dichte","insgesamt",2012,"24 Feldmoching - Hasenbergl",4160,58245,14,"Hauptwohnsitzbevölkerung (insgesamt)","Zahnärzte*Zahnärztinnen (inklusive Kieferorthopädie)"
"Zahnarzt*Zahnärztin-Dichte","insgesamt",2012,"25 Laim",1112,53359,48,"Hauptwohnsitzbevölkerung (insgesamt)","Zahnärzte*Zahnärztinnen (inklusive Kieferorthopädie)"
"Zahnarzt*Zahnärztin-Dichte","insgesamt",2011,"Stadt München",957,1410741,1474,"Hauptwohnsitzbevölkerung (insgesamt)","Zahnärzte*Zahnärztinnen (inklusive Kieferorthopädie)"
"Zahnarzt*Zahnärztin-Dichte","insgesamt",2011,"01 Altstadt - Lehel",85,19707,233,"Hauptwohnsitzbevölkerung (insgesamt)","Zahnärzte*Zahnärztinnen (inklusive Kieferorthopädie)"
"Zahnarzt*Zahnärztin-Dichte","insgesamt",2011,"02 Ludwigsvorstadt - Isarvorstadt",482,48231,100,"Hauptwohnsitzbevölkerung (insgesamt)","Zahnärzte*Zahnärztinnen (inklusive Kieferorthopädie)"
"Zahnarzt*Zahnärztin-Dichte","insgesamt",2011,"03 Maxvorstadt",643,49498,77,"Hauptwohnsitzbevölkerung (insgesamt)","Zahnärzte*Zahnärztinnen (inklusive Kieferorthopädie)"
"Zahnarzt*Zahnärztin-Dichte","insgesamt",2011,"04 Schwabing - West",1117,63644,57,"Hauptwohnsitzbevölkerung (insgesamt)","Zahnärzte*Zahnärztinnen (inklusive Kieferorthopädie)"
"Zahnarzt*Zahnärztin-Dichte","insgesamt",2011,"05 Au - Haidhausen",1042,57297,55,"Hauptwohnsitzbevölkerung (insgesamt)","Zahnärzte*Zahnärztinnen (inklusive Kieferorthopädie)"
"Zahnarzt*Zahnärztin-Dichte","insgesamt",2011,"06 Sendling",1000,39002,39,"Hauptwohnsitzbevölkerung (insgesamt)","Zahnärzte*Zahnärztinnen (inklusive Kieferorthopädie)"
"Zahnarzt*Zahnärztin-Dichte","insgesamt",2011,"07 Sendling - Westpark",1299,53271,41,"Hauptwohnsitzbevölkerung (insgesamt)","Zahnärzte*Zahnärztinnen (inklusive Kieferorthopädie)"
"Zahnarzt*Zahnärztin-Dichte","insgesamt",2011,"08 Schwanthalerhöhe",1434,28678,20,"Hauptwohnsitzbevölkerung (insgesamt)","Zahnärzte*Zahnärztinnen (inklusive Kieferorthopädie)"
"Zahnarzt*Zahnärztin-Dichte","insgesamt",2011,"09 Neuhausen - Nymphenburg",931,92139,99,"Hauptwohnsitzbevölkerung (insgesamt)","Zahnärzte*Zahnärztinnen (inklusive Kieferorthopädie)"
"Zahnarzt*Zahnärztin-Dichte","insgesamt",2011,"10 Moosach",1496,49384,33,"Hauptwohnsitzbevölkerung (insgesamt)","Zahnärzte*Zahnärztinnen (inklusive Kieferorthopädie)"
"Zahnarzt*Zahnärztin-Dichte","insgesamt",2011,"11 Milbertshofen - Am Hart",1719,70470,41,"Hauptwohnsitzbevölkerung (insgesamt)","Zahnärzte*Zahnärztinnen (inklusive Kieferorthopädie)"
"Zahnarzt*Zahnärztin-Dichte","insgesamt",2011,"12 Schwabing - Freimann",590,66706,113,"Hauptwohnsitzbevölkerung (insgesamt)","Zahnärzte*Zahnärztinnen (inklusive Kieferorthopädie)"
"Zahnarzt*Zahnärztin-Dichte","insgesamt",2011,"13 Bogenhausen",842,79175,94,"Hauptwohnsitzbevölkerung (insgesamt)","Zahnärzte*Zahnärztinnen (inklusive Kieferorthopädie)"
"Zahnarzt*Zahnärztin-Dichte","insgesamt",2011,"14 Berg am Laim",1590,41342,26,"Hauptwohnsitzbevölkerung (insgesamt)","Zahnärzte*Zahnärztinnen (inklusive Kieferorthopädie)"
"Zahnarzt*Zahnärztin-Dichte","insgesamt",2011,"15 Trudering - Riem",1756,64983,37,"Hauptwohnsitzbevölkerung (insgesamt)","Zahnärzte*Zahnärztinnen (inklusive Kieferorthopädie)"
"Zahnarzt*Zahnärztin-Dichte","insgesamt",2011,"16 Ramersdorf - Perlach",2076,105900,51,"Hauptwohnsitzbevölkerung (insgesamt)","Zahnärzte*Zahnärztinnen (inklusive Kieferorthopädie)"
"Zahnarzt*Zahnärztin-Dichte","insgesamt",2011,"17 Obergiesing - Fasangarten",1490,50656,34,"Hauptwohnsitzbevölkerung (insgesamt)","Zahnärzte*Zahnärztinnen (inklusive Kieferorthopädie)"
"Zahnarzt*Zahnärztin-Dichte","insgesamt",2011,"18 Untergiesing - Harlaching",989,50455,51,"Hauptwohnsitzbevölkerung (insgesamt)","Zahnärzte*Zahnärztinnen (inklusive Kieferorthopädie)"
"Zahnarzt*Zahnärztin-Dichte","insgesamt",2011,"19 Thalkirchen - Obersendling - Forstenried - Fürstenried - Solln",1017,85468,84,"Hauptwohnsitzbevölkerung (insgesamt)","Zahnärzte*Zahnärztinnen (inklusive Kieferorthopädie)"
"Zahnarzt*Zahnärztin-Dichte","insgesamt",2011,"20 Hadern",1695,47459,28,"Hauptwohnsitzbevölkerung (insgesamt)","Zahnärzte*Zahnärztinnen (inklusive Kieferorthopädie)"
"Zahnarzt*Zahnärztin-Dichte","insgesamt",2011,"21 Pasing - Obermenzing",1061,67878,64,"Hauptwohnsitzbevölkerung (insgesamt)","Zahnärzte*Zahnärztinnen (inklusive Kieferorthopädie)"
"Zahnarzt*Zahnärztin-Dichte","insgesamt",2011,"22 Aubing - Lochhausen - Langwied",1895,39789,21,"Hauptwohnsitzbevölkerung (insgesamt)","Zahnärzte*Zahnärztinnen (inklusive Kieferorthopädie)"
"Zahnarzt*Zahnärztin-Dichte","insgesamt",2011,"23 Allach - Untermenzing",2121,29693,14,"Hauptwohnsitzbevölkerung (insgesamt)","Zahnärzte*Zahnärztinnen (inklusive Kieferorthopädie)"
"Zahnarzt*Zahnärztin-Dichte","insgesamt",2011,"24 Feldmoching - Hasenbergl",3812,57183,15,"Hauptwohnsitzbevölkerung (insgesamt)","Zahnärzte*Zahnärztinnen (inklusive Kieferorthopädie)"
"Zahnarzt*Zahnärztin-Dichte","insgesamt",2011,"25 Laim",1122,52733,47,"Hauptwohnsitzbevölkerung (insgesamt)","Zahnärzte*Zahnärztinnen (inklusive Kieferorthopädie)"
"Zahnarzt*Zahnärztin-Dichte","insgesamt",2010,"Stadt München",1077,1382273,1284,"Hauptwohnsitzbevölkerung (insgesamt)","Zahnärzte*Zahnärztinnen (inklusive Kieferorthopädie)"
"Zahnarzt*Zahnärztin-Dichte","insgesamt",2010,"01 Altstadt - Lehel",91,19207,210,"Hauptwohnsitzbevölkerung (insgesamt)","Zahnärzte*Zahnärztinnen (inklusive Kieferorthopädie)"
"Zahnarzt*Zahnärztin-Dichte","insgesamt",2010,"02 Ludwigsvorstadt - Isarvorstadt",571,47357,83,"Hauptwohnsitzbevölkerung (insgesamt)","Zahnärzte*Zahnärztinnen (inklusive Kieferorthopädie)"
"Zahnarzt*Zahnärztin-Dichte","insgesamt",2010,"03 Maxvorstadt",719,48875,68,"Hauptwohnsitzbevölkerung (insgesamt)","Zahnärzte*Zahnärztinnen (inklusive Kieferorthopädie)"
"Zahnarzt*Zahnärztin-Dichte","insgesamt",2010,"04 Schwabing - West",1232,62856,51,"Hauptwohnsitzbevölkerung (insgesamt)","Zahnärzte*Zahnärztinnen (inklusive Kieferorthopädie)"
"Zahnarzt*Zahnärztin-Dichte","insgesamt",2010,"05 Au - Haidhausen",1126,56322,50,"Hauptwohnsitzbevölkerung (insgesamt)","Zahnärzte*Zahnärztinnen (inklusive Kieferorthopädie)"
"Zahnarzt*Zahnärztin-Dichte","insgesamt",2010,"06 Sendling",1244,38567,31,"Hauptwohnsitzbevölkerung (insgesamt)","Zahnärzte*Zahnärztinnen (inklusive Kieferorthopädie)"
"Zahnarzt*Zahnärztin-Dichte","insgesamt",2010,"07 Sendling - Westpark",1346,52495,39,"Hauptwohnsitzbevölkerung (insgesamt)","Zahnärzte*Zahnärztinnen (inklusive Kieferorthopädie)"
"Zahnarzt*Zahnärztin-Dichte","insgesamt",2010,"08 Schwanthalerhöhe",1867,28004,15,"Hauptwohnsitzbevölkerung (insgesamt)","Zahnärzte*Zahnärztinnen (inklusive Kieferorthopädie)"
"Zahnarzt*Zahnärztin-Dichte","insgesamt",2010,"09 Neuhausen - Nymphenburg",1026,89286,87,"Hauptwohnsitzbevölkerung (insgesamt)","Zahnärzte*Zahnärztinnen (inklusive Kieferorthopädie)"
"Zahnarzt*Zahnärztin-Dichte","insgesamt",2010,"10 Moosach",1670,48421,29,"Hauptwohnsitzbevölkerung (insgesamt)","Zahnärzte*Zahnärztinnen (inklusive Kieferorthopädie)"
"Zahnarzt*Zahnärztin-Dichte","insgesamt",2010,"11 Milbertshofen - Am Hart",2029,68970,34,"Hauptwohnsitzbevölkerung (insgesamt)","Zahnärzte*Zahnärztinnen (inklusive Kieferorthopädie)"
"Zahnarzt*Zahnärztin-Dichte","insgesamt",2010,"12 Schwabing - Freimann",701,65158,93,"Hauptwohnsitzbevölkerung (insgesamt)","Zahnärzte*Zahnärztinnen (inklusive Kieferorthopädie)"
"Zahnarzt*Zahnärztin-Dichte","insgesamt",2010,"13 Bogenhausen",934,77542,83,"Hauptwohnsitzbevölkerung (insgesamt)","Zahnärzte*Zahnärztinnen (inklusive Kieferorthopädie)"
"Zahnarzt*Zahnärztin-Dichte","insgesamt",2010,"14 Berg am Laim",1843,40550,22,"Hauptwohnsitzbevölkerung (insgesamt)","Zahnärzte*Zahnärztinnen (inklusive Kieferorthopädie)"
"Zahnarzt*Zahnärztin-Dichte","insgesamt",2010,"15 Trudering - Riem",1961,62756,32,"Hauptwohnsitzbevölkerung (insgesamt)","Zahnärzte*Zahnärztinnen (inklusive Kieferorthopädie)"
"Zahnarzt*Zahnärztin-Dichte","insgesamt",2010,"16 Ramersdorf - Perlach",2327,104737,45,"Hauptwohnsitzbevölkerung (insgesamt)","Zahnärzte*Zahnärztinnen (inklusive Kieferorthopädie)"
"Zahnarzt*Zahnärztin-Dichte","insgesamt",2010,"17 Obergiesing - Fasangarten",1582,49030,31,"Hauptwohnsitzbevölkerung (insgesamt)","Zahnärzte*Zahnärztinnen (inklusive Kieferorthopädie)"
"Zahnarzt*Zahnärztin-Dichte","insgesamt",2010,"18 Untergiesing - Harlaching",1207,49502,41,"Hauptwohnsitzbevölkerung (insgesamt)","Zahnärzte*Zahnärztinnen (inklusive Kieferorthopädie)"
"Zahnarzt*Zahnärztin-Dichte","insgesamt",2010,"19 Thalkirchen - Obersendling - Forstenried - Fürstenried - Solln",1229,83584,68,"Hauptwohnsitzbevölkerung (insgesamt)","Zahnärzte*Zahnärztinnen (inklusive Kieferorthopädie)"
"Zahnarzt*Zahnärztin-Dichte","insgesamt",2010,"20 Hadern",1874,46851,25,"Hauptwohnsitzbevölkerung (insgesamt)","Zahnärzte*Zahnärztinnen (inklusive Kieferorthopädie)"
"Zahnarzt*Zahnärztin-Dichte","insgesamt",2010,"21 Pasing - Obermenzing",1227,66244,54,"Hauptwohnsitzbevölkerung (insgesamt)","Zahnärzte*Zahnärztinnen (inklusive Kieferorthopädie)"
"Zahnarzt*Zahnärztin-Dichte","insgesamt",2010,"22 Aubing - Lochhausen - Langwied",1851,38863,21,"Hauptwohnsitzbevölkerung (insgesamt)","Zahnärzte*Zahnärztinnen (inklusive Kieferorthopädie)"
"Zahnarzt*Zahnärztin-Dichte","insgesamt",2010,"23 Allach - Untermenzing",2243,29161,13,"Hauptwohnsitzbevölkerung (insgesamt)","Zahnärzte*Zahnärztinnen (inklusive Kieferorthopädie)"
"Zahnarzt*Zahnärztin-Dichte","insgesamt",2010,"24 Feldmoching - Hasenbergl",3508,56130,16,"Hauptwohnsitzbevölkerung (insgesamt)","Zahnärzte*Zahnärztinnen (inklusive Kieferorthopädie)"
"Zahnarzt*Zahnärztin-Dichte","insgesamt",2010,"25 Laim",1205,51805,43,"Hauptwohnsitzbevölkerung (insgesamt)","Zahnärzte*Zahnärztinnen (inklusive Kieferorthopädie)"
"Zahnarzt*Zahnärztin-Dichte","insgesamt",2009,"Stadt München",1071,1364194,1274,"Hauptwohnsitzbevölkerung (insgesamt)","Zahnärzte*Zahnärztinnen (inklusive Kieferorthopädie)"
"Zahnarzt*Zahnärztin-Dichte","insgesamt",2009,"01 Altstadt - Lehel",91,18932,207,"Hauptwohnsitzbevölkerung (insgesamt)","Zahnärzte*Zahnärztinnen (inklusive Kieferorthopädie)"
"Zahnarzt*Zahnärztin-Dichte","insgesamt",2009,"02 Ludwigsvorstadt - Isarvorstadt",546,46446,85,"Hauptwohnsitzbevölkerung (insgesamt)","Zahnärzte*Zahnärztinnen (inklusive Kieferorthopädie)"
"Zahnarzt*Zahnärztin-Dichte","insgesamt",2009,"03 Maxvorstadt",715,48619,68,"Hauptwohnsitzbevölkerung (insgesamt)","Zahnärzte*Zahnärztinnen (inklusive Kieferorthopädie)"
"Zahnarzt*Zahnärztin-Dichte","insgesamt",2009,"04 Schwabing - West",1216,62028,51,"Hauptwohnsitzbevölkerung (insgesamt)","Zahnärzte*Zahnärztinnen (inklusive Kieferorthopädie)"
"Zahnarzt*Zahnärztin-Dichte","insgesamt",2009,"05 Au - Haidhausen",1112,55590,50,"Hauptwohnsitzbevölkerung (insgesamt)","Zahnärzte*Zahnärztinnen (inklusive Kieferorthopädie)"
"Zahnarzt*Zahnärztin-Dichte","insgesamt",2009,"06 Sendling",1155,38112,33,"Hauptwohnsitzbevölkerung (insgesamt)","Zahnärzte*Zahnärztinnen (inklusive Kieferorthopädie)"
"Zahnarzt*Zahnärztin-Dichte","insgesamt",2009,"07 Sendling - Westpark",1373,52185,38,"Hauptwohnsitzbevölkerung (insgesamt)","Zahnärzte*Zahnärztinnen (inklusive Kieferorthopädie)"
"Zahnarzt*Zahnärztin-Dichte","insgesamt",2009,"08 Schwanthalerhöhe",1854,27814,15,"Hauptwohnsitzbevölkerung (insgesamt)","Zahnärzte*Zahnärztinnen (inklusive Kieferorthopädie)"
"Zahnarzt*Zahnärztin-Dichte","insgesamt",2009,"09 Neuhausen - Nymphenburg",1046,87846,84,"Hauptwohnsitzbevölkerung (insgesamt)","Zahnärzte*Zahnärztinnen (inklusive Kieferorthopädie)"
"Zahnarzt*Zahnärztin-Dichte","insgesamt",2009,"10 Moosach",1803,48692,27,"Hauptwohnsitzbevölkerung (insgesamt)","Zahnärzte*Zahnärztinnen (inklusive Kieferorthopädie)"
"Zahnarzt*Zahnärztin-Dichte","insgesamt",2009,"11 Milbertshofen - Am Hart",2126,68023,32,"Hauptwohnsitzbevölkerung (insgesamt)","Zahnärzte*Zahnärztinnen (inklusive Kieferorthopädie)"
"Zahnarzt*Zahnärztin-Dichte","insgesamt",2009,"12 Schwabing - Freimann",671,63720,95,"Hauptwohnsitzbevölkerung (insgesamt)","Zahnärzte*Zahnärztinnen (inklusive Kieferorthopädie)"
"Zahnarzt*Zahnärztin-Dichte","insgesamt",2009,"13 Bogenhausen",983,76684,78,"Hauptwohnsitzbevölkerung (insgesamt)","Zahnärzte*Zahnärztinnen (inklusive Kieferorthopädie)"
"Zahnarzt*Zahnärztin-Dichte","insgesamt",2009,"14 Berg am Laim",1895,39787,21,"Hauptwohnsitzbevölkerung (insgesamt)","Zahnärzte*Zahnärztinnen (inklusive Kieferorthopädie)"
"Zahnarzt*Zahnärztin-Dichte","insgesamt",2009,"15 Trudering - Riem",1845,60879,33,"Hauptwohnsitzbevölkerung (insgesamt)","Zahnärzte*Zahnärztinnen (inklusive Kieferorthopädie)"
"Zahnarzt*Zahnärztin-Dichte","insgesamt",2009,"16 Ramersdorf - Perlach",2207,103732,47,"Hauptwohnsitzbevölkerung (insgesamt)","Zahnärzte*Zahnärztinnen (inklusive Kieferorthopädie)"
"Zahnarzt*Zahnärztin-Dichte","insgesamt",2009,"17 Obergiesing - Fasangarten",1562,48425,31,"Hauptwohnsitzbevölkerung (insgesamt)","Zahnärzte*Zahnärztinnen (inklusive Kieferorthopädie)"
"Zahnarzt*Zahnärztin-Dichte","insgesamt",2009,"18 Untergiesing - Harlaching",1287,48911,38,"Hauptwohnsitzbevölkerung (insgesamt)","Zahnärzte*Zahnärztinnen (inklusive Kieferorthopädie)"
"Zahnarzt*Zahnärztin-Dichte","insgesamt",2009,"19 Thalkirchen - Obersendling - Forstenried - Fürstenried - Solln",1195,82482,69,"Hauptwohnsitzbevölkerung (insgesamt)","Zahnärzte*Zahnärztinnen (inklusive Kieferorthopädie)"
"Zahnarzt*Zahnärztin-Dichte","insgesamt",2009,"20 Hadern",1860,46490,25,"Hauptwohnsitzbevölkerung (insgesamt)","Zahnärzte*Zahnärztinnen (inklusive Kieferorthopädie)"
"Zahnarzt*Zahnärztin-Dichte","insgesamt",2009,"21 Pasing - Obermenzing",1187,65279,55,"Hauptwohnsitzbevölkerung (insgesamt)","Zahnärzte*Zahnärztinnen (inklusive Kieferorthopädie)"
"Zahnarzt*Zahnärztin-Dichte","insgesamt",2009,"22 Aubing - Lochhausen - Langwied",1739,38268,22,"Hauptwohnsitzbevölkerung (insgesamt)","Zahnärzte*Zahnärztinnen (inklusive Kieferorthopädie)"
"Zahnarzt*Zahnärztin-Dichte","insgesamt",2009,"23 Allach - Untermenzing",2210,28732,13,"Hauptwohnsitzbevölkerung (insgesamt)","Zahnärzte*Zahnärztinnen (inklusive Kieferorthopädie)"
"Zahnarzt*Zahnärztin-Dichte","insgesamt",2009,"24 Feldmoching - Hasenbergl",3679,55180,15,"Hauptwohnsitzbevölkerung (insgesamt)","Zahnärzte*Zahnärztinnen (inklusive Kieferorthopädie)"
"Zahnarzt*Zahnärztin-Dichte","insgesamt",2009,"25 Laim",1222,51338,42,"Hauptwohnsitzbevölkerung (insgesamt)","Zahnärzte*Zahnärztinnen (inklusive Kieferorthopädie)"
"Zahnarzt*Zahnärztin-Dichte","insgesamt",2008,"Stadt München",1091,1367314,1253,"Hauptwohnsitzbevölkerung (insgesamt)","Zahnärzte*Zahnärztinnen (inklusive Kieferorthopädie)"
"Zahnarzt*Zahnärztin-Dichte","insgesamt",2008,"01 Altstadt - Lehel",96,19505,203,"Hauptwohnsitzbevölkerung (insgesamt)","Zahnärzte*Zahnärztinnen (inklusive Kieferorthopädie)"
"Zahnarzt*Zahnärztin-Dichte","insgesamt",2008,"02 Ludwigsvorstadt - Isarvorstadt",547,47599,87,"Hauptwohnsitzbevölkerung (insgesamt)","Zahnärzte*Zahnärztinnen (inklusive Kieferorthopädie)"
"Zahnarzt*Zahnärztin-Dichte","insgesamt",2008,"03 Maxvorstadt",741,48884,66,"Hauptwohnsitzbevölkerung (insgesamt)","Zahnärzte*Zahnärztinnen (inklusive Kieferorthopädie)"
"Zahnarzt*Zahnärztin-Dichte","insgesamt",2008,"04 Schwabing - West",1226,62541,51,"Hauptwohnsitzbevölkerung (insgesamt)","Zahnärzte*Zahnärztinnen (inklusive Kieferorthopädie)"
"Zahnarzt*Zahnärztin-Dichte","insgesamt",2008,"05 Au - Haidhausen",1095,55853,51,"Hauptwohnsitzbevölkerung (insgesamt)","Zahnärzte*Zahnärztinnen (inklusive Kieferorthopädie)"
"Zahnarzt*Zahnärztin-Dichte","insgesamt",2008,"06 Sendling",1162,38335,33,"Hauptwohnsitzbevölkerung (insgesamt)","Zahnärzte*Zahnärztinnen (inklusive Kieferorthopädie)"
"Zahnarzt*Zahnärztin-Dichte","insgesamt",2008,"07 Sendling - Westpark",1375,52257,38,"Hauptwohnsitzbevölkerung (insgesamt)","Zahnärzte*Zahnärztinnen (inklusive Kieferorthopädie)"
"Zahnarzt*Zahnärztin-Dichte","insgesamt",2008,"08 Schwanthalerhöhe",1736,27778,16,"Hauptwohnsitzbevölkerung (insgesamt)","Zahnärzte*Zahnärztinnen (inklusive Kieferorthopädie)"
"Zahnarzt*Zahnärztin-Dichte","insgesamt",2008,"09 Neuhausen - Nymphenburg",1012,87043,86,"Hauptwohnsitzbevölkerung (insgesamt)","Zahnärzte*Zahnärztinnen (inklusive Kieferorthopädie)"
"Zahnarzt*Zahnärztin-Dichte","insgesamt",2008,"10 Moosach",1864,48451,26,"Hauptwohnsitzbevölkerung (insgesamt)","Zahnärzte*Zahnärztinnen (inklusive Kieferorthopädie)"
"Zahnarzt*Zahnärztin-Dichte","insgesamt",2008,"11 Milbertshofen - Am Hart",2352,68198,29,"Hauptwohnsitzbevölkerung (insgesamt)","Zahnärzte*Zahnärztinnen (inklusive Kieferorthopädie)"
"Zahnarzt*Zahnärztin-Dichte","insgesamt",2008,"12 Schwabing - Freimann",731,64350,88,"Hauptwohnsitzbevölkerung (insgesamt)","Zahnärzte*Zahnärztinnen (inklusive Kieferorthopädie)"
"Zahnarzt*Zahnärztin-Dichte","insgesamt",2008,"13 Bogenhausen",1042,77112,74,"Hauptwohnsitzbevölkerung (insgesamt)","Zahnärzte*Zahnärztinnen (inklusive Kieferorthopädie)"
"Zahnarzt*Zahnärztin-Dichte","insgesamt",2008,"14 Berg am Laim",1820,40038,22,"Hauptwohnsitzbevölkerung (insgesamt)","Zahnärzte*Zahnärztinnen (inklusive Kieferorthopädie)"
"Zahnarzt*Zahnärztin-Dichte","insgesamt",2008,"15 Trudering - Riem",1789,59031,33,"Hauptwohnsitzbevölkerung (insgesamt)","Zahnärzte*Zahnärztinnen (inklusive Kieferorthopädie)"
"Zahnarzt*Zahnärztin-Dichte","insgesamt",2008,"16 Ramersdorf - Perlach",2215,104089,47,"Hauptwohnsitzbevölkerung (insgesamt)","Zahnärzte*Zahnärztinnen (inklusive Kieferorthopädie)"
"Zahnarzt*Zahnärztin-Dichte","insgesamt",2008,"17 Obergiesing - Fasangarten",1665,48282,29,"Hauptwohnsitzbevölkerung (insgesamt)","Zahnärzte*Zahnärztinnen (inklusive Kieferorthopädie)"
"Zahnarzt*Zahnärztin-Dichte","insgesamt",2008,"18 Untergiesing - Harlaching",1335,49391,37,"Hauptwohnsitzbevölkerung (insgesamt)","Zahnärzte*Zahnärztinnen (inklusive Kieferorthopädie)"
"Zahnarzt*Zahnärztin-Dichte","insgesamt",2008,"19 Thalkirchen - Obersendling - Forstenried - Fürstenried - Solln",1254,82771,66,"Hauptwohnsitzbevölkerung (insgesamt)","Zahnärzte*Zahnärztinnen (inklusive Kieferorthopädie)"
"Zahnarzt*Zahnärztin-Dichte","insgesamt",2008,"20 Hadern",1784,46385,26,"Hauptwohnsitzbevölkerung (insgesamt)","Zahnärzte*Zahnärztinnen (inklusive Kieferorthopädie)"
"Zahnarzt*Zahnärztin-Dichte","insgesamt",2008,"21 Pasing - Obermenzing",1209,65290,54,"Hauptwohnsitzbevölkerung (insgesamt)","Zahnärzte*Zahnärztinnen (inklusive Kieferorthopädie)"
"Zahnarzt*Zahnärztin-Dichte","insgesamt",2008,"22 Aubing - Lochhausen - Langwied",1825,38327,21,"Hauptwohnsitzbevölkerung (insgesamt)","Zahnärzte*Zahnärztinnen (inklusive Kieferorthopädie)"
"Zahnarzt*Zahnärztin-Dichte","insgesamt",2008,"23 Allach - Untermenzing",2215,28796,13,"Hauptwohnsitzbevölkerung (insgesamt)","Zahnärzte*Zahnärztinnen (inklusive Kieferorthopädie)"
"Zahnarzt*Zahnärztin-Dichte","insgesamt",2008,"24 Feldmoching - Hasenbergl",3711,55667,15,"Hauptwohnsitzbevölkerung (insgesamt)","Zahnärzte*Zahnärztinnen (inklusive Kieferorthopädie)"
"Zahnarzt*Zahnärztin-Dichte","insgesamt",2008,"25 Laim",1222,51329,42,"Hauptwohnsitzbevölkerung (insgesamt)","Zahnärzte*Zahnärztinnen (inklusive Kieferorthopädie)"
"Zahnarzt*Zahnärztin-Dichte","insgesamt",2007,"Stadt München",1077,1351445,1255,"Hauptwohnsitzbevölkerung (insgesamt)","Zahnärzte*Zahnärztinnen (inklusive Kieferorthopädie)"
"Zahnarzt*Zahnärztin-Dichte","insgesamt",2007,"01 Altstadt - Lehel",96,19228,200,"Hauptwohnsitzbevölkerung (insgesamt)","Zahnärzte*Zahnärztinnen (inklusive Kieferorthopädie)"
"Zahnarzt*Zahnärztin-Dichte","insgesamt",2007,"02 Ludwigsvorstadt - Isarvorstadt",535,46520,87,"Hauptwohnsitzbevölkerung (insgesamt)","Zahnärzte*Zahnärztinnen (inklusive Kieferorthopädie)"
"Zahnarzt*Zahnärztin-Dichte","insgesamt",2007,"03 Maxvorstadt",723,47711,66,"Hauptwohnsitzbevölkerung (insgesamt)","Zahnärzte*Zahnärztinnen (inklusive Kieferorthopädie)"
"Zahnarzt*Zahnärztin-Dichte","insgesamt",2007,"04 Schwabing - West",1183,61514,52,"Hauptwohnsitzbevölkerung (insgesamt)","Zahnärzte*Zahnärztinnen (inklusive Kieferorthopädie)"
"Zahnarzt*Zahnärztin-Dichte","insgesamt",2007,"05 Au - Haidhausen",1128,55288,49,"Hauptwohnsitzbevölkerung (insgesamt)","Zahnärzte*Zahnärztinnen (inklusive Kieferorthopädie)"
"Zahnarzt*Zahnärztin-Dichte","insgesamt",2007,"06 Sendling",1116,37940,34,"Hauptwohnsitzbevölkerung (insgesamt)","Zahnärzte*Zahnärztinnen (inklusive Kieferorthopädie)"
"Zahnarzt*Zahnärztin-Dichte","insgesamt",2007,"07 Sendling - Westpark",1327,51745,39,"Hauptwohnsitzbevölkerung (insgesamt)","Zahnärzte*Zahnärztinnen (inklusive Kieferorthopädie)"
"Zahnarzt*Zahnärztin-Dichte","insgesamt",2007,"08 Schwanthalerhöhe",1792,26877,15,"Hauptwohnsitzbevölkerung (insgesamt)","Zahnärzte*Zahnärztinnen (inklusive Kieferorthopädie)"
"Zahnarzt*Zahnärztin-Dichte","insgesamt",2007,"09 Neuhausen - Nymphenburg",966,85964,89,"Hauptwohnsitzbevölkerung (insgesamt)","Zahnärzte*Zahnärztinnen (inklusive Kieferorthopädie)"
"Zahnarzt*Zahnärztin-Dichte","insgesamt",2007,"10 Moosach",1858,48306,26,"Hauptwohnsitzbevölkerung (insgesamt)","Zahnärzte*Zahnärztinnen (inklusive Kieferorthopädie)"
"Zahnarzt*Zahnärztin-Dichte","insgesamt",2007,"11 Milbertshofen - Am Hart",2121,67864,32,"Hauptwohnsitzbevölkerung (insgesamt)","Zahnärzte*Zahnärztinnen (inklusive Kieferorthopädie)"
"Zahnarzt*Zahnärztin-Dichte","insgesamt",2007,"12 Schwabing - Freimann",717,63832,89,"Hauptwohnsitzbevölkerung (insgesamt)","Zahnärzte*Zahnärztinnen (inklusive Kieferorthopädie)"
"Zahnarzt*Zahnärztin-Dichte","insgesamt",2007,"13 Bogenhausen",1037,76709,74,"Hauptwohnsitzbevölkerung (insgesamt)","Zahnärzte*Zahnärztinnen (inklusive Kieferorthopädie)"
"Zahnarzt*Zahnärztin-Dichte","insgesamt",2007,"14 Berg am Laim",2210,39783,18,"Hauptwohnsitzbevölkerung (insgesamt)","Zahnärzte*Zahnärztinnen (inklusive Kieferorthopädie)"
"Zahnarzt*Zahnärztin-Dichte","insgesamt",2007,"15 Trudering - Riem",1765,56487,32,"Hauptwohnsitzbevölkerung (insgesamt)","Zahnärzte*Zahnärztinnen (inklusive Kieferorthopädie)"
"Zahnarzt*Zahnärztin-Dichte","insgesamt",2007,"16 Ramersdorf - Perlach",2201,103447,47,"Hauptwohnsitzbevölkerung (insgesamt)","Zahnärzte*Zahnärztinnen (inklusive Kieferorthopädie)"
"Zahnarzt*Zahnärztin-Dichte","insgesamt",2007,"17 Obergiesing - Fasangarten",1648,47791,29,"Hauptwohnsitzbevölkerung (insgesamt)","Zahnärzte*Zahnärztinnen (inklusive Kieferorthopädie)"
"Zahnarzt*Zahnärztin-Dichte","insgesamt",2007,"18 Untergiesing - Harlaching",1361,48990,36,"Hauptwohnsitzbevölkerung (insgesamt)","Zahnärzte*Zahnärztinnen (inklusive Kieferorthopädie)"
"Zahnarzt*Zahnärztin-Dichte","insgesamt",2007,"19 Thalkirchen - Obersendling - Forstenried - Fürstenried - Solln",1286,82283,64,"Hauptwohnsitzbevölkerung (insgesamt)","Zahnärzte*Zahnärztinnen (inklusive Kieferorthopädie)"
"Zahnarzt*Zahnärztin-Dichte","insgesamt",2007,"20 Hadern",1645,46059,28,"Hauptwohnsitzbevölkerung (insgesamt)","Zahnärzte*Zahnärztinnen (inklusive Kieferorthopädie)"
"Zahnarzt*Zahnärztin-Dichte","insgesamt",2007,"21 Pasing - Obermenzing",1178,64773,55,"Hauptwohnsitzbevölkerung (insgesamt)","Zahnärzte*Zahnärztinnen (inklusive Kieferorthopädie)"
"Zahnarzt*Zahnärztin-Dichte","insgesamt",2007,"22 Aubing - Lochhausen - Langwied",1905,38091,20,"Hauptwohnsitzbevölkerung (insgesamt)","Zahnärzte*Zahnärztinnen (inklusive Kieferorthopädie)"
"Zahnarzt*Zahnärztin-Dichte","insgesamt",2007,"23 Allach - Untermenzing",1878,28165,15,"Hauptwohnsitzbevölkerung (insgesamt)","Zahnärzte*Zahnärztinnen (inklusive Kieferorthopädie)"
"Zahnarzt*Zahnärztin-Dichte","insgesamt",2007,"24 Feldmoching - Hasenbergl",3698,55475,15,"Hauptwohnsitzbevölkerung (insgesamt)","Zahnärzte*Zahnärztinnen (inklusive Kieferorthopädie)"
"Zahnarzt*Zahnärztin-Dichte","insgesamt",2007,"25 Laim",1150,50600,44,"Hauptwohnsitzbevölkerung (insgesamt)","Zahnärzte*Zahnärztinnen (inklusive Kieferorthopädie)"
"Zahnarzt*Zahnärztin-Dichte","insgesamt",2006,"Stadt München",1088,1326206,1219,"Hauptwohnsitzbevölkerung (insgesamt)","Zahnärzte*Zahnärztinnen (inklusive Kieferorthopädie)"
"Zahnarzt*Zahnärztin-Dichte","insgesamt",2006,"01 Altstadt - Lehel",103,18876,184,"Hauptwohnsitzbevölkerung (insgesamt)","Zahnärzte*Zahnärztinnen (inklusive Kieferorthopädie)"
"Zahnarzt*Zahnärztin-Dichte","insgesamt",2006,"02 Ludwigsvorstadt - Isarvorstadt",526,45736,87,"Hauptwohnsitzbevölkerung (insgesamt)","Zahnärzte*Zahnärztinnen (inklusive Kieferorthopädie)"
"Zahnarzt*Zahnärztin-Dichte","insgesamt",2006,"03 Maxvorstadt",698,46058,66,"Hauptwohnsitzbevölkerung (insgesamt)","Zahnärzte*Zahnärztinnen (inklusive Kieferorthopädie)"
"Zahnarzt*Zahnärztin-Dichte","insgesamt",2006,"04 Schwabing - West",1215,59553,49,"Hauptwohnsitzbevölkerung (insgesamt)","Zahnärzte*Zahnärztinnen (inklusive Kieferorthopädie)"
"Zahnarzt*Zahnärztin-Dichte","insgesamt",2006,"05 Au - Haidhausen",1066,54382,51,"Hauptwohnsitzbevölkerung (insgesamt)","Zahnärzte*Zahnärztinnen (inklusive Kieferorthopädie)"
"Zahnarzt*Zahnärztin-Dichte","insgesamt",2006,"06 Sendling",1061,37146,35,"Hauptwohnsitzbevölkerung (insgesamt)","Zahnärzte*Zahnärztinnen (inklusive Kieferorthopädie)"
"Zahnarzt*Zahnärztin-Dichte","insgesamt",2006,"07 Sendling - Westpark",1376,50903,37,"Hauptwohnsitzbevölkerung (insgesamt)","Zahnärzte*Zahnärztinnen (inklusive Kieferorthopädie)"
"Zahnarzt*Zahnärztin-Dichte","insgesamt",2006,"08 Schwanthalerhöhe",1631,26103,16,"Hauptwohnsitzbevölkerung (insgesamt)","Zahnärzte*Zahnärztinnen (inklusive Kieferorthopädie)"
"Zahnarzt*Zahnärztin-Dichte","insgesamt",2006,"09 Neuhausen - Nymphenburg",972,84604,87,"Hauptwohnsitzbevölkerung (insgesamt)","Zahnärzte*Zahnärztinnen (inklusive Kieferorthopädie)"
"Zahnarzt*Zahnärztin-Dichte","insgesamt",2006,"10 Moosach",1837,47754,26,"Hauptwohnsitzbevölkerung (insgesamt)","Zahnärzte*Zahnärztinnen (inklusive Kieferorthopädie)"
"Zahnarzt*Zahnärztin-Dichte","insgesamt",2006,"11 Milbertshofen - Am Hart",2233,66992,30,"Hauptwohnsitzbevölkerung (insgesamt)","Zahnärzte*Zahnärztinnen (inklusive Kieferorthopädie)"
"Zahnarzt*Zahnärztin-Dichte","insgesamt",2006,"12 Schwabing - Freimann",701,62430,89,"Hauptwohnsitzbevölkerung (insgesamt)","Zahnärzte*Zahnärztinnen (inklusive Kieferorthopädie)"
"Zahnarzt*Zahnärztin-Dichte","insgesamt",2006,"13 Bogenhausen",1066,75657,71,"Hauptwohnsitzbevölkerung (insgesamt)","Zahnärzte*Zahnärztinnen (inklusive Kieferorthopädie)"
"Zahnarzt*Zahnärztin-Dichte","insgesamt",2006,"14 Berg am Laim",2166,38995,18,"Hauptwohnsitzbevölkerung (insgesamt)","Zahnärzte*Zahnärztinnen (inklusive Kieferorthopädie)"
"Zahnarzt*Zahnärztin-Dichte","insgesamt",2006,"15 Trudering - Riem",1634,53915,33,"Hauptwohnsitzbevölkerung (insgesamt)","Zahnärzte*Zahnärztinnen (inklusive Kieferorthopädie)"
"Zahnarzt*Zahnärztin-Dichte","insgesamt",2006,"16 Ramersdorf - Perlach",2185,102689,47,"Hauptwohnsitzbevölkerung (insgesamt)","Zahnärzte*Zahnärztinnen (inklusive Kieferorthopädie)"
"Zahnarzt*Zahnärztin-Dichte","insgesamt",2006,"17 Obergiesing - Fasangarten",1621,47007,29,"Hauptwohnsitzbevölkerung (insgesamt)","Zahnärzte*Zahnärztinnen (inklusive Kieferorthopädie)"
"Zahnarzt*Zahnärztin-Dichte","insgesamt",2006,"18 Untergiesing - Harlaching",1414,48075,34,"Hauptwohnsitzbevölkerung (insgesamt)","Zahnärzte*Zahnärztinnen (inklusive Kieferorthopädie)"
"Zahnarzt*Zahnärztin-Dichte","insgesamt",2006,"19 Thalkirchen - Obersendling - Forstenried - Fürstenried - Solln",1242,80701,65,"Hauptwohnsitzbevölkerung (insgesamt)","Zahnärzte*Zahnärztinnen (inklusive Kieferorthopädie)"
"Zahnarzt*Zahnärztin-Dichte","insgesamt",2006,"20 Hadern",1607,44993,28,"Hauptwohnsitzbevölkerung (insgesamt)","Zahnärzte*Zahnärztinnen (inklusive Kieferorthopädie)"
"Zahnarzt*Zahnärztin-Dichte","insgesamt",2006,"21 Pasing - Obermenzing",1301,63763,49,"Hauptwohnsitzbevölkerung (insgesamt)","Zahnärzte*Zahnärztinnen (inklusive Kieferorthopädie)"
"Zahnarzt*Zahnärztin-Dichte","insgesamt",2006,"22 Aubing - Lochhausen - Langwied",1992,37857,19,"Hauptwohnsitzbevölkerung (insgesamt)","Zahnärzte*Zahnärztinnen (inklusive Kieferorthopädie)"
"Zahnarzt*Zahnärztin-Dichte","insgesamt",2006,"23 Allach - Untermenzing",1981,27730,14,"Hauptwohnsitzbevölkerung (insgesamt)","Zahnärzte*Zahnärztinnen (inklusive Kieferorthopädie)"
"Zahnarzt*Zahnärztin-Dichte","insgesamt",2006,"24 Feldmoching - Hasenbergl",3616,54245,15,"Hauptwohnsitzbevölkerung (insgesamt)","Zahnärzte*Zahnärztinnen (inklusive Kieferorthopädie)"
"Zahnarzt*Zahnärztin-Dichte","insgesamt",2006,"25 Laim",1251,50028,40,"Hauptwohnsitzbevölkerung (insgesamt)","Zahnärzte*Zahnärztinnen (inklusive Kieferorthopädie)"
